Name,Platform,DOI,PubDate,Code,Description,License,Assembly,Alignment,UMIs,Quantification,QualityControl,Normalisation,Imputation,Integration,GeneFiltering,Clustering,Classification,Ordering,DifferentialExpression,MarkerGenes,ExpressionPatterns,VariableGenes,GeneSets,GeneNetworks,CellCycle,DimensionalityReduction,Transformation,Modality,AlternativeSplicing,RareCells,StemCells,Immune,Variants,Haplotypes,AlleleSpecific,Visualisation,Interactive,Simulation,Added,Updated
AltAnalyze,Python,10.1038/nature19348,2016-08-31,https://github.com/nsalomonis/altanalyze,AltAnalyze is a multi-functional and easy-to-use software package for automated single-cell and bulk gene and splicing analyses.,Apache-2.0,FALSE,FALSE,FALSE,TRUE,FALSE,TRUE,FALSE,FALSE,TRUE,TRUE,TRUE,FALSE,TRUE,TRUE,FALSE,FALSE,TRUE,TRUE,TRUE,TRUE,FALSE,FALSE,TRUE,FALSE,FALSE,FALSE,FALSE,FALSE,FALSE,TRUE,TRUE,FALSE,2017-07-16,2017-07-21
anchor,Python,10.1016/j.molcel.2017.06.003,2017-06-29,https://github.com/yeolab/anchor,"Find bimodal, unimodal, and multimodal features in your data",BSD-3-clause,FALSE,FALSE,FALSE,FALSE,FALSE,FALSE,FALSE,FALSE,FALSE,FALSE,FALSE,FALSE,FALSE,FALSE,FALSE,FALSE,FALSE,FALSE,FALSE,FALSE,FALSE,TRUE,FALSE,FALSE,FALSE,FALSE,FALSE,FALSE,FALSE,FALSE,FALSE,FALSE,2016-09-08,2017-07-16
AUCell,R,10.1101/144502,PREPRINT,https://github.com/aertslab/AUCell,AUCell is an R-package to analyze the state of gene-sets in single-cell RNA-seq data (i.e. identify cells with active gene signatures).,Custom,FALSE,FALSE,FALSE,FALSE,FALSE,FALSE,FALSE,FALSE,FALSE,FALSE,FALSE,FALSE,FALSE,FALSE,FALSE,FALSE,FALSE,TRUE,FALSE,FALSE,FALSE,FALSE,FALSE,FALSE,FALSE,FALSE,FALSE,FALSE,FALSE,TRUE,FALSE,FALSE,2017-06-26,2017-06-26
BackSPIN,Python,10.1126/science.aaa1934,2015-03-06,https://github.com/linnarsson-lab/BackSPIN,Biclustering algorithm developed taking into account intrinsic features of single-cell RNA-seq experiments.,BSD 2-clause,FALSE,FALSE,FALSE,FALSE,FALSE,FALSE,FALSE,FALSE,TRUE,TRUE,FALSE,FALSE,FALSE,FALSE,FALSE,FALSE,FALSE,FALSE,FALSE,FALSE,FALSE,FALSE,FALSE,FALSE,FALSE,FALSE,FALSE,FALSE,FALSE,FALSE,FALSE,FALSE,2016-09-08,2016-09-08
badger,R,,,https://github.com/JEFworks/badger,Bayesian approach for detecting copy number alterations from single cell RNA-seq data,,FALSE,FALSE,FALSE,FALSE,FALSE,FALSE,FALSE,FALSE,FALSE,FALSE,FALSE,FALSE,FALSE,FALSE,FALSE,FALSE,FALSE,FALSE,FALSE,FALSE,FALSE,FALSE,FALSE,FALSE,FALSE,FALSE,TRUE,FALSE,FALSE,TRUE,FALSE,FALSE,2017-06-05,2017-06-05
BASIC,Python,10.1093/bioinformatics/btw631,2016-09-28,http://ttic.uchicago.edu/~aakhan/BASIC/,BASIC is a semi-de novo assembly method to determine the full-length sequence of the BCR in single B cells from scRNA-seq data.,MIT,TRUE,FALSE,FALSE,FALSE,FALSE,FALSE,FALSE,FALSE,FALSE,FALSE,FALSE,FALSE,FALSE,FALSE,FALSE,FALSE,FALSE,FALSE,FALSE,FALSE,FALSE,FALSE,FALSE,FALSE,FALSE,TRUE,FALSE,FALSE,FALSE,FALSE,FALSE,FALSE,2016-10-10,2017-09-09
BASiCS,R,10.1371/journal.pcbi.1004333,2015-06-01,https://github.com/catavallejos/BASiCS,Bayesian Analysis of single-cell RNA-seq data. Estimates cell-specific normalization constants. Technical variability is quantified based on spike-in genes. The total variability of the expression counts is decomposed into technical and biological components.,GPL (>= 2),FALSE,FALSE,FALSE,FALSE,FALSE,TRUE,FALSE,FALSE,FALSE,FALSE,FALSE,FALSE,TRUE,FALSE,FALSE,TRUE,FALSE,FALSE,FALSE,FALSE,FALSE,FALSE,FALSE,FALSE,FALSE,FALSE,FALSE,FALSE,FALSE,FALSE,FALSE,TRUE,2016-09-08,2017-06-23
BEARscc,R,10.1101/118919,PREPRINT,https://bitbucket.org/bsblabludwig/bearscc,BEARscc is a noise estimation and injection tool that is designed to assess putative single-cell RNA-seq clusters in the context of experimental noise estimated by ERCC spike-in controls.,GPL-3,FALSE,FALSE,FALSE,FALSE,FALSE,FALSE,FALSE,FALSE,FALSE,TRUE,FALSE,FALSE,FALSE,FALSE,FALSE,FALSE,FALSE,FALSE,FALSE,FALSE,FALSE,FALSE,FALSE,FALSE,FALSE,FALSE,FALSE,FALSE,FALSE,FALSE,FALSE,TRUE,2017-04-27,2017-04-27
bonvoyage,Python,10.1016/j.molcel.2017.06.003,2017-06-29,https://github.com/yeolab/bonvoyage,Transform percentage-based units into a 2d space to evaluate changes in distribution with both magnitude and direction.,BSD-3-clause,FALSE,FALSE,FALSE,FALSE,FALSE,FALSE,FALSE,FALSE,FALSE,FALSE,FALSE,FALSE,FALSE,FALSE,FALSE,FALSE,FALSE,FALSE,FALSE,FALSE,TRUE,FALSE,FALSE,FALSE,FALSE,FALSE,FALSE,FALSE,FALSE,FALSE,FALSE,FALSE,2016-09-08,2017-07-16
BPSC,R,10.1093/bioinformatics/btw202,2016-04-19,https://github.com/nghiavtr/BPSC,Beta-Poisson model for single-cell RNA-seq data analyses,GPL-3,FALSE,FALSE,FALSE,FALSE,FALSE,FALSE,FALSE,FALSE,FALSE,FALSE,FALSE,FALSE,TRUE,FALSE,FALSE,FALSE,FALSE,FALSE,FALSE,FALSE,FALSE,FALSE,FALSE,FALSE,FALSE,FALSE,FALSE,FALSE,FALSE,FALSE,FALSE,FALSE,2016-09-08,2016-09-08
BraCeR,Python/R,10.1101/185504,PREPRINT,https://github.com/teichlab/bracer,BraCeR - reconstruction of B cell receptor sequences from single-cell RNA-seq data.,Apache-2.0,TRUE,TRUE,FALSE,TRUE,FALSE,FALSE,FALSE,FALSE,FALSE,FALSE,FALSE,FALSE,FALSE,FALSE,FALSE,FALSE,FALSE,FALSE,FALSE,FALSE,FALSE,FALSE,FALSE,FALSE,FALSE,TRUE,FALSE,FALSE,FALSE,TRUE,FALSE,FALSE,2017-09-09,2017-09-11
BranchedGP,Python,10.1101/166868,PREPRINT,https://github.com/ManchesterBioinference/BranchedGP,"BranchedGP is a package for building Branching Gaussian process models in python, using TensorFlow and GPFlow. ",Apache-2.0,FALSE,FALSE,FALSE,FALSE,FALSE,FALSE,FALSE,FALSE,FALSE,FALSE,FALSE,FALSE,FALSE,FALSE,TRUE,FALSE,FALSE,FALSE,FALSE,FALSE,FALSE,FALSE,FALSE,FALSE,FALSE,FALSE,FALSE,FALSE,FALSE,TRUE,FALSE,FALSE,2017-07-20,2017-08-20
BRIE,Python,10.1186/s13059-017-1248-5,2017-06-27,https://github.com/huangyh09/brie,BRIE (Bayesian regression for isoform estimate) is a Bayesian method to estimate isoform proportions from RNA-seq data.,Apache-2.0,FALSE,FALSE,FALSE,TRUE,FALSE,FALSE,FALSE,FALSE,FALSE,FALSE,FALSE,FALSE,FALSE,FALSE,FALSE,FALSE,FALSE,FALSE,FALSE,FALSE,FALSE,FALSE,TRUE,FALSE,FALSE,FALSE,FALSE,FALSE,FALSE,FALSE,FALSE,FALSE,2017-01-10,2017-07-03
BTR,R,10.1186/s12859-016-1235-y,2016-09-06,https://github.com/cheeyeelim/btr,BTR is a model learning algorithm for reconstructing and training asynchronous Boolean models using single-cell expression data.,GPL-3,FALSE,FALSE,FALSE,FALSE,FALSE,FALSE,FALSE,FALSE,FALSE,FALSE,FALSE,FALSE,FALSE,FALSE,FALSE,FALSE,FALSE,TRUE,FALSE,FALSE,FALSE,FALSE,FALSE,FALSE,FALSE,FALSE,FALSE,FALSE,FALSE,TRUE,FALSE,FALSE,2016-09-12,2016-09-12
Cellity,R,10.1186/s13059-016-0888-1,2016-02-17,https://github.com/teichlab/cellity,Classification of low quality cells in scRNA-seq data using R,GPL (>= 2),FALSE,FALSE,FALSE,FALSE,TRUE,FALSE,FALSE,FALSE,FALSE,FALSE,FALSE,FALSE,FALSE,FALSE,FALSE,FALSE,FALSE,FALSE,FALSE,FALSE,FALSE,FALSE,FALSE,FALSE,FALSE,FALSE,FALSE,FALSE,FALSE,FALSE,FALSE,FALSE,2016-09-08,2016-09-08
CellRanger,Python/R,10.1038/ncomms14049,2017-01-16,,"Cell Ranger is a set of analysis pipelines that process Chromium single cell 3’ RNA-seq output to align reads, generate gene-cell matrices and perform clustering and gene expression analysis.",,FALSE,TRUE,TRUE,TRUE,TRUE,FALSE,FALSE,FALSE,FALSE,TRUE,FALSE,FALSE,TRUE,TRUE,FALSE,FALSE,FALSE,FALSE,FALSE,TRUE,FALSE,FALSE,FALSE,FALSE,FALSE,FALSE,FALSE,FALSE,FALSE,TRUE,TRUE,FALSE,2017-06-08,2017-09-11
CellTree,R,10.1186/s12859-016-1175-6,2016-08-13,https://github.com/Bioconductor-mirror/cellTree,Cell population analysis and visualization from single cell RNA-seq data using a Latent Dirichlet Allocation model.,Artistic-2.0,FALSE,FALSE,FALSE,FALSE,FALSE,FALSE,FALSE,FALSE,FALSE,FALSE,FALSE,TRUE,FALSE,FALSE,FALSE,FALSE,TRUE,FALSE,FALSE,FALSE,FALSE,FALSE,FALSE,FALSE,FALSE,FALSE,FALSE,FALSE,FALSE,TRUE,FALSE,FALSE,2016-09-08,2016-09-19
CIDR,R,10.1101/068775,PREPRINT,https://github.com/VCCRI/CIDR,Ultrafast and accurate clustering through imputation and dimensionality reduction for single-cell RNA-seq data.,GPL (>=2),FALSE,FALSE,FALSE,FALSE,FALSE,FALSE,TRUE,FALSE,FALSE,TRUE,FALSE,FALSE,FALSE,FALSE,FALSE,FALSE,FALSE,FALSE,FALSE,TRUE,FALSE,FALSE,FALSE,FALSE,FALSE,FALSE,FALSE,FALSE,FALSE,FALSE,FALSE,TRUE,2016-09-09,2016-11-29
Citrus,R,10.1101/045070,PREPRINT,https://github.com/ChenMengjie/Citrus,A normalization method to remove unwanted variation using both control and target genes.,GPL (>= 2),FALSE,FALSE,FALSE,FALSE,FALSE,TRUE,FALSE,FALSE,FALSE,FALSE,FALSE,FALSE,FALSE,FALSE,FALSE,FALSE,FALSE,FALSE,FALSE,FALSE,FALSE,FALSE,FALSE,FALSE,FALSE,FALSE,FALSE,FALSE,FALSE,FALSE,FALSE,FALSE,2016-09-09,2017-06-05
clusterExperiment,R,,,https://github.com/epurdom/clusterExperiment,Functions for running and comparing many different clusterings of single-cell sequencing data. Meant to work with SCONE and slingshot.,Artistic-2.0,FALSE,FALSE,FALSE,FALSE,FALSE,FALSE,FALSE,FALSE,FALSE,TRUE,FALSE,FALSE,FALSE,FALSE,FALSE,FALSE,FALSE,FALSE,FALSE,FALSE,FALSE,FALSE,FALSE,FALSE,FALSE,FALSE,FALSE,FALSE,FALSE,FALSE,FALSE,FALSE,2016-09-08,2016-09-08
countClust,R,,,https://github.com/kkdey/CountClust,"Clustering and Visualizing RNA-Seq Expression Data using Grade of Membership Models. Fits grade of membership models (GoM, also known as admixture models) to cluster RNA-seq gene expression count data, identifies characteristic genes driving cluster memberships, and provides a visual summary of the cluster memberships.",GPL (>= 2),FALSE,FALSE,FALSE,FALSE,FALSE,FALSE,FALSE,FALSE,FALSE,TRUE,FALSE,FALSE,TRUE,FALSE,FALSE,TRUE,FALSE,FALSE,FALSE,FALSE,FALSE,FALSE,FALSE,FALSE,FALSE,FALSE,FALSE,FALSE,FALSE,TRUE,FALSE,FALSE,2016-09-12,2016-09-12
D3E,Python,10.1186/s12859-016-0944-6,2016-02-29,https://github.com/hemberg-lab/D3E,"D3E is a tool for identifying differentially-expressed genes, based on single-cell RNA-seq data. D3E consists of two modules: one for identifying differentially expressed (DE) genes, and one for fitting the parameters of a Poisson-Beta distribution.",GPL-3,FALSE,FALSE,FALSE,FALSE,FALSE,FALSE,FALSE,FALSE,FALSE,FALSE,FALSE,FALSE,TRUE,FALSE,FALSE,FALSE,FALSE,FALSE,FALSE,FALSE,FALSE,FALSE,FALSE,FALSE,FALSE,FALSE,FALSE,FALSE,FALSE,FALSE,FALSE,FALSE,2016-09-09,2016-09-09
DeLorean,R,10.1093/bioinformatics/btw372,2016-06-17,https://github.com/JohnReid/DeLorean,R package to model time series accounting for noise in the temporal dimension. Specifically designed for single cell transcriptome experiments.,MIT,FALSE,FALSE,FALSE,FALSE,FALSE,FALSE,FALSE,FALSE,TRUE,FALSE,FALSE,TRUE,FALSE,FALSE,TRUE,FALSE,FALSE,FALSE,FALSE,FALSE,FALSE,FALSE,FALSE,FALSE,FALSE,FALSE,FALSE,FALSE,FALSE,TRUE,FALSE,FALSE,2016-09-09,2016-09-09
demuxlet,C++,10.1101/118778,PREPRINT,https://github.com/statgen/demuxlet,Genetic multiplexing of barcoded single cell RNA-seq,Apache-2.0,FALSE,FALSE,TRUE,FALSE,TRUE,FALSE,FALSE,FALSE,FALSE,FALSE,FALSE,FALSE,FALSE,FALSE,FALSE,FALSE,FALSE,FALSE,FALSE,FALSE,FALSE,FALSE,FALSE,FALSE,FALSE,FALSE,TRUE,FALSE,FALSE,FALSE,FALSE,FALSE,2017-03-29,2017-09-11
destiny,R,10.1093/bioinformatics/btv715,2016-04-15,https://www.helmholtz-muenchen.de/icb/research/groups/quantitative-single-cell-dynamics/software/destiny/index.html,Diffusion maps for single-cell RNA-seq.,GPL,FALSE,FALSE,FALSE,FALSE,FALSE,FALSE,FALSE,FALSE,FALSE,FALSE,FALSE,FALSE,FALSE,FALSE,FALSE,FALSE,FALSE,FALSE,FALSE,TRUE,FALSE,FALSE,FALSE,FALSE,FALSE,FALSE,FALSE,FALSE,FALSE,TRUE,FALSE,FALSE,2016-09-09,2017-04-18
DistMap,R,10.1126/science.aan3235,2017-09-31,https://github.com/rajewsky-lab/distmap,DistMap can be used to spatially map single cell RNA sequencing data by using an existing reference database of in situs.,MIT,FALSE,FALSE,FALSE,FALSE,FALSE,FALSE,FALSE,FALSE,FALSE,FALSE,TRUE,FALSE,FALSE,FALSE,FALSE,FALSE,FALSE,FALSE,FALSE,FALSE,FALSE,FALSE,FALSE,FALSE,FALSE,FALSE,FALSE,FALSE,FALSE,TRUE,FALSE,FALSE,2017-09-01,2017-09-01
DPT,R/MATLAB,10.1038/nmeth.3971,2016-08-29,http://www.helmholtz-muenchen.de/icb/research/groups/machine-learning/projects/dpt/index.html,"Our DPT software implementations make it possible to reconstruct the developmental progression of cells and identify transient or metastable states, branching decisions and differentiation endpoints.",GPL-3,FALSE,FALSE,FALSE,FALSE,FALSE,FALSE,FALSE,FALSE,FALSE,FALSE,FALSE,TRUE,FALSE,FALSE,TRUE,FALSE,FALSE,FALSE,FALSE,FALSE,FALSE,FALSE,FALSE,FALSE,FALSE,FALSE,FALSE,FALSE,FALSE,TRUE,FALSE,FALSE,2016-09-22,2017-08-01
DrImpute,R,10.1101/181479,PREPRINT,https://github.com/ikwak2/DrImpute,DrImpute is an R package for imputing dropout events in single-cell RNA-sequencing data.,GPL-3,FALSE,FALSE,FALSE,FALSE,FALSE,FALSE,TRUE,FALSE,FALSE,FALSE,FALSE,FALSE,FALSE,FALSE,FALSE,FALSE,FALSE,FALSE,FALSE,FALSE,FALSE,FALSE,FALSE,FALSE,FALSE,FALSE,FALSE,FALSE,FALSE,FALSE,FALSE,FALSE,2017-09-01,2017-09-01
dropbead,R,10.1101/099473,PREPRINT,https://github.com/rajewsky-lab/dropbead,"It offers a quick and straightfoward way to explore and perform basic analysis of single cell sequencing data coming from droplet sequencing, such as Drop-seq.",GPL-3,FALSE,FALSE,FALSE,FALSE,TRUE,FALSE,FALSE,FALSE,FALSE,FALSE,FALSE,FALSE,FALSE,FALSE,FALSE,FALSE,FALSE,FALSE,FALSE,FALSE,FALSE,FALSE,FALSE,FALSE,FALSE,FALSE,FALSE,FALSE,FALSE,TRUE,FALSE,FALSE,2017-01-16,2017-01-16
dropClust,R/C++/Python,10.1101/170308,PREPRINT,https://github.com/debsin/dropClust,Efficient clustering of ultra-large scRNA-seq data,GPL (>= 3),FALSE,FALSE,FALSE,FALSE,FALSE,TRUE,FALSE,FALSE,FALSE,TRUE,FALSE,FALSE,TRUE,FALSE,FALSE,TRUE,FALSE,FALSE,FALSE,TRUE,FALSE,FALSE,FALSE,FALSE,FALSE,FALSE,FALSE,FALSE,FALSE,TRUE,FALSE,FALSE,2017-08-20,2017-08-20
dropEst,C++/R,10.1101/171496,PREPRINT,https://github.com/hms-dbmi/dropEst,Pipeline for estimating molecular count matrices for droplet-based single-cell RNA-seq measurements.,GPL-3,FALSE,FALSE,TRUE,TRUE,TRUE,FALSE,FALSE,FALSE,FALSE,FALSE,FALSE,FALSE,FALSE,FALSE,FALSE,FALSE,FALSE,FALSE,FALSE,FALSE,FALSE,FALSE,FALSE,FALSE,FALSE,FALSE,FALSE,FALSE,FALSE,TRUE,FALSE,FALSE,2017-08-20,2017-09-11
dropSeqPipe,Snakemake,,,https://github.com/Hoohm/dropSeqPipe,This pipeline is based on snakemake and the dropseq tools provided by the McCarroll Lab. It allows to go from raw data of your dropSeq/scrbSeq experiment until the final count matrix with QC plots along the way.,CC BY-SA 4.0,FALSE,TRUE,TRUE,TRUE,TRUE,FALSE,FALSE,FALSE,FALSE,FALSE,FALSE,FALSE,FALSE,FALSE,FALSE,FALSE,FALSE,FALSE,FALSE,FALSE,FALSE,FALSE,FALSE,FALSE,FALSE,FALSE,FALSE,FALSE,FALSE,TRUE,FALSE,FALSE,2017-05-21,2017-09-11
DrSeq2,Python,10.1371/journal.pone.0180583,2017-07-03,https://github.com/ChengchenZhao/DrSeq2,Quality control and analysis pipeline for parallel single cell transcriptome and epigenome data,GPL-3,FALSE,TRUE,TRUE,TRUE,TRUE,TRUE,FALSE,TRUE,FALSE,TRUE,FALSE,FALSE,FALSE,FALSE,FALSE,TRUE,FALSE,FALSE,FALSE,TRUE,FALSE,FALSE,FALSE,FALSE,FALSE,FALSE,FALSE,FALSE,FALSE,FALSE,FALSE,FALSE,2017-06-26,2017-09-25
DTWScore,R,10.1186/s12859-017-1647-3,2017-05-23,https://github.com/xiaoxiaoxier/DTWscore,Transcriptional heterogeneity analysis for time-series single-cell RNA-seq data,,FALSE,FALSE,FALSE,FALSE,FALSE,FALSE,FALSE,FALSE,FALSE,FALSE,FALSE,TRUE,TRUE,FALSE,FALSE,TRUE,FALSE,FALSE,FALSE,FALSE,FALSE,FALSE,FALSE,FALSE,FALSE,FALSE,FALSE,FALSE,FALSE,FALSE,FALSE,FALSE,2017-05-30,2017-05-30
ECLAIR,Python,10.1101/036533,PREPRINT,https://github.com/GGiecold/ECLAIR,"ECLAIR stands for Ensemble Clustering for Lineage Analysis, Inference and Robustness. Robust and scalable inference of cell lineages from gene expression data.",MIT,FALSE,FALSE,FALSE,FALSE,FALSE,FALSE,FALSE,FALSE,FALSE,TRUE,FALSE,TRUE,FALSE,FALSE,FALSE,FALSE,FALSE,FALSE,FALSE,FALSE,FALSE,FALSE,FALSE,FALSE,FALSE,FALSE,FALSE,FALSE,FALSE,TRUE,FALSE,FALSE,2016-09-08,2016-09-08
embeddr,R,10.1101/027219,PREPRINT,https://github.com/kieranrcampbell/embeddr,Embeddr creates a reduced dimensional representation of the gene space using a high-variance gene correlation graph and laplacian eigenmaps. It then fits a smooth pseudotime trajectory using principal curves.,GPL-3,FALSE,FALSE,FALSE,FALSE,FALSE,FALSE,FALSE,FALSE,FALSE,FALSE,FALSE,TRUE,FALSE,FALSE,FALSE,FALSE,FALSE,FALSE,FALSE,FALSE,FALSE,FALSE,FALSE,FALSE,FALSE,FALSE,FALSE,FALSE,FALSE,FALSE,FALSE,FALSE,2016-09-12,2016-09-12
ESAT,Java,10.1101/gr.207902.116,2016-07-28,https://github.com/garber-lab/ESAT,"The ESAT toolkit is designed for expression analysis of Digital expression (DGE) libraries that target transcript ""ends"". ESAT takes a set of alignment files (SAM or BAM) with genome alignment coordinates, a file containing transcript coordinates (BED or text file) and outputs read counts for each transcript provided.",,FALSE,FALSE,FALSE,TRUE,FALSE,FALSE,FALSE,FALSE,FALSE,TRUE,FALSE,TRUE,FALSE,FALSE,FALSE,FALSE,FALSE,FALSE,FALSE,TRUE,FALSE,FALSE,FALSE,FALSE,FALSE,FALSE,FALSE,FALSE,FALSE,FALSE,FALSE,FALSE,2016-09-09,2016-09-09
f-scLVM,Python,10.1101/087775,PREPRINT,https://github.com/PMBio/f-scLVM,"f-scLVM is a scalable modelling framework for single-cell RNA-seq data that uses gene set annotations to dissect single-cell transcriptome heterogeneity, thereby allowing to identify biological drivers of cell-to-cell variability and model confounding factors.",Apache-2.0,FALSE,FALSE,FALSE,FALSE,FALSE,FALSE,FALSE,FALSE,FALSE,FALSE,FALSE,FALSE,FALSE,FALSE,FALSE,TRUE,FALSE,FALSE,FALSE,FALSE,FALSE,FALSE,FALSE,FALSE,FALSE,FALSE,FALSE,FALSE,FALSE,FALSE,FALSE,FALSE,2016-11-29,2016-11-29
Falco,AWS,10.1101/064006,PREPRINT,https://github.com/VCCRI/Falco,A Cloud-based Genetic Feature Quantification Analysis Tool,GPL-3,FALSE,TRUE,FALSE,TRUE,FALSE,FALSE,FALSE,FALSE,FALSE,FALSE,FALSE,FALSE,FALSE,FALSE,FALSE,FALSE,FALSE,FALSE,FALSE,FALSE,FALSE,FALSE,FALSE,FALSE,FALSE,FALSE,FALSE,FALSE,FALSE,FALSE,FALSE,FALSE,2016-09-08,2017-09-11
FastProject,Python,10.1186/s12859-016-1176-5,2016-08-23,https://github.com/YosefLab/FastProject,"Here we present FastProject, a software package for two-dimensional visualization of single cell data, which utilizes a plethora of projection methods and provides a way to systematically investigate the biological relevance of these low dimensional representations by incorporating domain knowledge.",Custom,FALSE,FALSE,FALSE,FALSE,FALSE,FALSE,FALSE,FALSE,FALSE,FALSE,FALSE,FALSE,FALSE,FALSE,FALSE,FALSE,TRUE,FALSE,FALSE,TRUE,FALSE,FALSE,FALSE,FALSE,FALSE,FALSE,FALSE,FALSE,FALSE,TRUE,TRUE,FALSE,2016-09-09,2016-09-09
flotilla,Python,,,https://github.com/yeolab/flotilla,Reproducible machine learning analysis of gene expression and alternative splicing data,Custom,FALSE,FALSE,FALSE,FALSE,TRUE,FALSE,FALSE,FALSE,FALSE,TRUE,FALSE,FALSE,FALSE,FALSE,FALSE,FALSE,FALSE,TRUE,FALSE,TRUE,FALSE,FALSE,FALSE,FALSE,FALSE,FALSE,FALSE,FALSE,FALSE,FALSE,TRUE,FALSE,2016-09-08,2016-09-08
GiniClust,R/Python,10.1186/s13059-016-1010-4,2016-07-01,https://github.com/lanjiangboston/GiniClust,GiniClust is a clustering method implemented in Python and R for detecting rare cell-types from large-scale single-cell gene expression data.,MIT,FALSE,FALSE,FALSE,FALSE,FALSE,TRUE,FALSE,FALSE,FALSE,TRUE,FALSE,FALSE,FALSE,FALSE,FALSE,FALSE,FALSE,FALSE,FALSE,TRUE,FALSE,FALSE,FALSE,TRUE,FALSE,FALSE,FALSE,FALSE,FALSE,FALSE,TRUE,FALSE,2016-09-09,2016-09-09
GPfates,Python,10.1126/sciimmunol.aal2192,2017-03-03,https://github.com/Teichlab/GPfates,Model transcriptional cell fates as mixtures of Gaussian Processes,MIT,FALSE,FALSE,FALSE,FALSE,FALSE,FALSE,FALSE,FALSE,FALSE,FALSE,FALSE,TRUE,FALSE,FALSE,FALSE,FALSE,FALSE,FALSE,FALSE,FALSE,FALSE,FALSE,FALSE,FALSE,FALSE,FALSE,FALSE,FALSE,FALSE,TRUE,FALSE,FALSE,2016-09-19,2017-03-10
Granatum,Virtualbox,10.1101/110759,PREPRINT,https://gitlab.com/uhcclxgg/granatum,This is a graphical single-cell RNA-seq (scRNA-seq) analysis pipeline for genomics scientists.,,FALSE,FALSE,FALSE,FALSE,TRUE,TRUE,FALSE,FALSE,TRUE,TRUE,FALSE,TRUE,TRUE,FALSE,FALSE,FALSE,TRUE,TRUE,FALSE,TRUE,FALSE,FALSE,FALSE,FALSE,FALSE,FALSE,FALSE,FALSE,FALSE,TRUE,TRUE,FALSE,2017-03-01,2017-03-01
GRM,R,10.1093/bioinformatics/btv122,2015-07-01,http://wanglab.ucsd.edu/star/GRM,Normalization and noise reduction for singlecell RNA-seq experiments,,FALSE,FALSE,FALSE,FALSE,FALSE,TRUE,FALSE,FALSE,FALSE,FALSE,FALSE,FALSE,FALSE,FALSE,FALSE,FALSE,FALSE,FALSE,FALSE,FALSE,FALSE,FALSE,FALSE,FALSE,FALSE,FALSE,FALSE,FALSE,FALSE,FALSE,FALSE,FALSE,2016-09-09,2017-04-18
GRNVBEM,MATLAB,10.1093/bioinformatics/btx605,2017-09-25,https://github.com/mscastillo/GRNVBEM,Gene Regulatory Network (GRN) inference from time series or pseudo-time series data using a first-order autoregressive moving average (AR1MA1) model within a variational Bayesian Expectation-Maximization (VBEM) framework.,,FALSE,FALSE,FALSE,FALSE,FALSE,FALSE,FALSE,FALSE,FALSE,FALSE,FALSE,FALSE,FALSE,FALSE,FALSE,FALSE,FALSE,TRUE,FALSE,FALSE,FALSE,FALSE,FALSE,FALSE,FALSE,FALSE,FALSE,FALSE,FALSE,FALSE,FALSE,FALSE,2017-10-02,2017-10-02
HocusPocus,R,,,https://github.com/joeburns06/hocuspocus,Basic PCA-based workflow for analysis and plotting of single cell RNA-seq data.,,FALSE,FALSE,FALSE,FALSE,FALSE,FALSE,FALSE,FALSE,FALSE,FALSE,FALSE,FALSE,FALSE,FALSE,FALSE,FALSE,FALSE,FALSE,FALSE,FALSE,FALSE,FALSE,FALSE,FALSE,FALSE,FALSE,FALSE,FALSE,FALSE,TRUE,FALSE,FALSE,2016-09-08,2016-09-08
HopLand,MATLAB,10.1093/bioinformatics/btx232,2017-07-12,https://github.com/NetLand-NTU/HopLand,Single-cell pseudotime recovery using continuous Hopfield network based modeling of Waddington’s epigenetic landscape,,FALSE,FALSE,FALSE,FALSE,FALSE,FALSE,FALSE,FALSE,FALSE,FALSE,FALSE,TRUE,FALSE,FALSE,FALSE,FALSE,FALSE,FALSE,FALSE,FALSE,FALSE,FALSE,FALSE,FALSE,FALSE,FALSE,FALSE,FALSE,FALSE,TRUE,FALSE,FALSE,2017-07-24,2017-07-24
ISOP,R,10.1101/036988,PREPRINT,https://github.com/nghiavtr/ISOP,ISOform-level expression Patterns in single-cell RNA-sequencing data.,GPL-3,FALSE,FALSE,FALSE,FALSE,FALSE,FALSE,FALSE,FALSE,FALSE,FALSE,FALSE,FALSE,TRUE,FALSE,TRUE,FALSE,FALSE,FALSE,FALSE,FALSE,FALSE,FALSE,FALSE,FALSE,FALSE,FALSE,FALSE,FALSE,FALSE,FALSE,FALSE,FALSE,2016-09-09,2016-09-09
k-branches,R,10.1101/094532,PREPRINT,https://github.com/theislab/kbranches,The main idea behind the K-Branches method is to identify regions of interest (branching regions and tips) in differentiation trajectories of single cells.,GPL-3,FALSE,FALSE,FALSE,FALSE,FALSE,FALSE,FALSE,FALSE,FALSE,FALSE,FALSE,TRUE,FALSE,FALSE,FALSE,FALSE,FALSE,FALSE,FALSE,FALSE,FALSE,FALSE,FALSE,FALSE,FALSE,FALSE,FALSE,FALSE,FALSE,FALSE,FALSE,FALSE,2016-12-22,2016-12-22
kBET,R,10.1101/200345,PREPRINT,https://github.com/theislab/kBET,An R package to provide a test for batch effects in high-dimensional single-cell RNA sequencing data.,GPL-3,FALSE,FALSE,FALSE,FALSE,FALSE,FALSE,FALSE,TRUE,FALSE,FALSE,FALSE,FALSE,FALSE,FALSE,FALSE,FALSE,FALSE,FALSE,FALSE,FALSE,FALSE,FALSE,FALSE,FALSE,FALSE,FALSE,FALSE,FALSE,FALSE,FALSE,FALSE,FALSE,2017-10-10,2017-10-10
LEAP,R,10.1093/bioinformatics/btw729,2016-12-19,https://cran.r-project.org/web/packages/LEAP/index.html,Constructing Gene Co-Expression Networks for Single-Cell RNA-Sequencing Data Using Pseudotime Ordering.,GPL-2,FALSE,FALSE,FALSE,FALSE,FALSE,FALSE,FALSE,FALSE,FALSE,FALSE,FALSE,TRUE,FALSE,FALSE,FALSE,FALSE,FALSE,TRUE,FALSE,FALSE,FALSE,FALSE,FALSE,FALSE,FALSE,FALSE,FALSE,FALSE,FALSE,FALSE,FALSE,FALSE,2016-09-12,2017-04-18
Linnorm,R,,,https://github.com/Bioconductor-mirror/Linnorm,"Linnorm is an R package for the analysis of RNA-seq, scRNA-seq, ChIP-seq count data or any large scale count data.",MIT,FALSE,FALSE,FALSE,FALSE,FALSE,TRUE,TRUE,FALSE,TRUE,TRUE,FALSE,FALSE,TRUE,FALSE,FALSE,TRUE,FALSE,TRUE,FALSE,FALSE,FALSE,FALSE,FALSE,FALSE,FALSE,FALSE,FALSE,FALSE,FALSE,TRUE,FALSE,TRUE,2017-02-01,2017-02-01
M3Drop,R,10.1101/065094,PREPRINT,https://github.com/tallulandrews/M3Drop,R package providing functions for fitting a modified Michaelis-Menten (MM) equation to the pattern of dropouts observed in a single-cell sequencing experiment.,GPL (>= 2),FALSE,FALSE,FALSE,FALSE,FALSE,FALSE,FALSE,FALSE,FALSE,FALSE,FALSE,FALSE,TRUE,TRUE,FALSE,FALSE,FALSE,FALSE,FALSE,FALSE,FALSE,FALSE,FALSE,FALSE,FALSE,FALSE,FALSE,FALSE,FALSE,TRUE,FALSE,FALSE,2016-10-10,2016-10-10
MAGIC,Python,10.1101/111591,PREPRINT,https://github.com/pkathail/magic,Markov Affinity-based Graph Imputation of Cells (MAGIC),GPL-2,FALSE,FALSE,FALSE,FALSE,TRUE,FALSE,TRUE,FALSE,FALSE,FALSE,FALSE,FALSE,FALSE,FALSE,FALSE,FALSE,FALSE,FALSE,FALSE,TRUE,FALSE,FALSE,FALSE,FALSE,FALSE,FALSE,FALSE,FALSE,FALSE,TRUE,TRUE,FALSE,2017-02-27,2017-02-17
MAST,R,10.1186/s13059-015-0844-5,2015-12-10,https://github.com/RGLab/MAST,"Model-based Analysis of Single-cell Transcriptomics (MAST) fits a two-part, generalized linear models that are specially adapted for bimodal and/or zero-inflated single cell gene expression data.",GPL (>= 2),FALSE,FALSE,FALSE,FALSE,TRUE,TRUE,FALSE,FALSE,FALSE,FALSE,FALSE,FALSE,TRUE,FALSE,FALSE,FALSE,TRUE,TRUE,FALSE,FALSE,FALSE,FALSE,FALSE,FALSE,FALSE,FALSE,FALSE,FALSE,FALSE,FALSE,FALSE,FALSE,2016-09-08,2016-09-08
MATCHER,Python,10.1186/s13059-017-1269-0,2017-07-2017,https://github.com/jw156605/MATCHER,Manifold Alignment to Characterize Experimental Relationships (MATCHER),MIT,FALSE,FALSE,FALSE,FALSE,FALSE,FALSE,FALSE,TRUE,FALSE,FALSE,FALSE,TRUE,FALSE,FALSE,TRUE,FALSE,FALSE,FALSE,FALSE,FALSE,FALSE,FALSE,FALSE,FALSE,FALSE,FALSE,FALSE,FALSE,FALSE,TRUE,FALSE,FALSE,2017-08-25,2017-09-25
MetaNeighbour,R,10.1101/150524,PREPRINT,https://github.com/maggiecrow/MetaNeighbor,MetaNeighbor: a method to rapidly assess cell type identity using both functional and random gene sets,MIT,FALSE,FALSE,FALSE,FALSE,FALSE,FALSE,FALSE,FALSE,FALSE,TRUE,TRUE,FALSE,FALSE,FALSE,FALSE,TRUE,TRUE,FALSE,FALSE,FALSE,FALSE,FALSE,FALSE,FALSE,FALSE,FALSE,FALSE,FALSE,FALSE,FALSE,FALSE,FALSE,2017-09-09,2017-09-09
MFA,R,10.12688/wellcomeopenres.11087.1,2017-03-15,https://github.com/kieranrcampbell/mfa,mfa is an R package implementing Gibbs sampling for a Bayesian hierarchichal mixture of factor analysers for inference of bifurcations in single-cell data.,GPL (>= 2),FALSE,FALSE,FALSE,FALSE,FALSE,FALSE,FALSE,FALSE,FALSE,FALSE,FALSE,TRUE,FALSE,FALSE,FALSE,FALSE,FALSE,FALSE,FALSE,FALSE,FALSE,FALSE,FALSE,FALSE,FALSE,FALSE,FALSE,FALSE,FALSE,TRUE,FALSE,TRUE,2017-03-20,2017-03-20
Monocle,R,10.1038/nbt.2859,2014-04-01,https://github.com/cole-trapnell-lab/monocle-release,Differential expression and time-series analysis for single-cell RNA-Seq.,Artistic-2.0,FALSE,FALSE,FALSE,FALSE,FALSE,FALSE,FALSE,FALSE,FALSE,TRUE,FALSE,TRUE,TRUE,TRUE,TRUE,FALSE,FALSE,FALSE,FALSE,TRUE,FALSE,FALSE,FALSE,FALSE,FALSE,FALSE,FALSE,FALSE,FALSE,TRUE,FALSE,FALSE,2016-09-08,2017-07-24
Mpath,R,10.1038/ncomms11988,2016-06-30,https://github.com/JinmiaoChenLab/Mpath,Mpath: an algorithm for constructing multi-branching cell lineages from single-cell data,,FALSE,FALSE,FALSE,FALSE,FALSE,FALSE,FALSE,FALSE,FALSE,FALSE,FALSE,TRUE,FALSE,FALSE,FALSE,FALSE,FALSE,FALSE,FALSE,FALSE,FALSE,FALSE,FALSE,FALSE,FALSE,FALSE,FALSE,FALSE,FALSE,FALSE,FALSE,FALSE,2016-09-09,2016-09-09
OEFinder,R,10.1093/bioinformatics/btw004,2016-01-06,https://github.com/lengning/OEFinder,"Identify ordering effect genes in single cell RNA-seq data. OEFinder shiny impelemention depends on packages shiny, shinyFiles, gdata, and EBSeq.",,FALSE,FALSE,FALSE,FALSE,TRUE,TRUE,FALSE,FALSE,FALSE,FALSE,FALSE,FALSE,FALSE,FALSE,FALSE,FALSE,FALSE,FALSE,FALSE,FALSE,FALSE,FALSE,FALSE,FALSE,FALSE,FALSE,FALSE,FALSE,FALSE,FALSE,TRUE,FALSE,2016-09-08,2016-09-08
Oscope,R,10.1038/nmeth.3549,2015-08-24,https://github.com/Bioconductor-mirror/Oscope,Oscope: a statistical pipeline for identifying oscillatory genes in unsynchronized single cell RNA-seq experiments.,Artistic-2.0,FALSE,FALSE,FALSE,FALSE,FALSE,FALSE,FALSE,FALSE,FALSE,FALSE,FALSE,FALSE,FALSE,FALSE,FALSE,FALSE,FALSE,FALSE,TRUE,FALSE,FALSE,FALSE,FALSE,FALSE,FALSE,FALSE,FALSE,FALSE,FALSE,FALSE,FALSE,FALSE,2016-09-09,2016-09-09
Ouija,R,10.1101/060442,PREPRINT,https://github.com/kieranrcampbell/ouija,Incorporate prior information into single-cell trajectory (pseudotime) analyses using Bayesian nonlinear factor analysis.,GPL (>= 3),FALSE,FALSE,FALSE,FALSE,FALSE,FALSE,FALSE,FALSE,FALSE,FALSE,FALSE,TRUE,FALSE,FALSE,TRUE,FALSE,FALSE,FALSE,FALSE,FALSE,FALSE,FALSE,FALSE,FALSE,FALSE,FALSE,FALSE,FALSE,FALSE,TRUE,FALSE,FALSE,2016-09-08,2016-09-13
Outrigger,Python,10.1016/j.molcel.2017.06.003,2017-06-29,https://github.com/YeoLab/outrigger,"Outrigger is a program to calculate alternative splicing scores of RNA-Seq data based on junction reads and a de novo, custom annotation created with a graph database, especially made for single-cell analyses.",BSD-3-clause,FALSE,FALSE,FALSE,FALSE,FALSE,FALSE,FALSE,FALSE,FALSE,FALSE,FALSE,FALSE,FALSE,FALSE,FALSE,FALSE,FALSE,FALSE,FALSE,FALSE,FALSE,FALSE,TRUE,FALSE,FALSE,FALSE,FALSE,FALSE,FALSE,FALSE,FALSE,FALSE,2016-09-08,2017-07-16
PBA,Python,10.1101/170118,PREPRINT,https://github.com/AllonKleinLab/PBA,Population balance analysis (PBA) relates the observed states of a system to its steady-state dynamics by applying the law of population balance.,,FALSE,FALSE,FALSE,FALSE,FALSE,FALSE,FALSE,FALSE,FALSE,FALSE,FALSE,TRUE,FALSE,FALSE,FALSE,FALSE,FALSE,FALSE,FALSE,FALSE,FALSE,FALSE,FALSE,FALSE,FALSE,FALSE,FALSE,FALSE,FALSE,FALSE,FALSE,FALSE,2017-08-07,2017-08-07
pcaReduce,R,10.1186/s12859-016-0984-y,2016-03-22,https://github.com/JustinaZ/pcaReduce,Hierarchical clustering of single cell transcriptional profiles,GPL (>= 2),FALSE,FALSE,FALSE,FALSE,FALSE,FALSE,FALSE,FALSE,FALSE,TRUE,FALSE,FALSE,FALSE,FALSE,FALSE,FALSE,FALSE,FALSE,FALSE,FALSE,FALSE,FALSE,FALSE,FALSE,FALSE,FALSE,FALSE,FALSE,FALSE,FALSE,FALSE,FALSE,2016-09-09,2016-09-09
PhenoPath,R,10.1101/159913,PREPRINT,https://github.com/kieranrcampbell/phenopath,PhenoPath learns genomic trajectories (pseudotimes) in the presence of heterogenous environmental and genetic backgrounds encoded as additional covariates and identifies interactions between the trajectories and covariates. ,,FALSE,FALSE,FALSE,FALSE,FALSE,FALSE,FALSE,FALSE,FALSE,FALSE,FALSE,TRUE,FALSE,FALSE,FALSE,FALSE,FALSE,FALSE,FALSE,FALSE,FALSE,FALSE,FALSE,FALSE,FALSE,FALSE,FALSE,FALSE,FALSE,FALSE,FALSE,TRUE,2017-07-16,2017-07-16
PIVOT,R,10.1101/053348,PREPRINT,https://github.com/qinzhu/PIVOT,PIVOT facilitates fast and interactive RNA-Seq data analysis and visualization.,Custom,FALSE,FALSE,FALSE,FALSE,TRUE,TRUE,FALSE,FALSE,TRUE,TRUE,FALSE,TRUE,TRUE,FALSE,FALSE,FALSE,TRUE,TRUE,FALSE,TRUE,FALSE,FALSE,FALSE,FALSE,FALSE,FALSE,FALSE,FALSE,FALSE,TRUE,TRUE,FALSE,2017-07-16,2017-07-16
PoissonUMIs,R,,,https://github.com/tallulandrews/PoissonUMIs,"R package providing functions for fitting, analyzing and visualizing single-cell RNASeq data which has been quantified by counting UMIs while accounting for different sequencing depths/detection rates between cells.",GPL-2,FALSE,FALSE,TRUE,FALSE,FALSE,FALSE,FALSE,FALSE,FALSE,FALSE,FALSE,FALSE,FALSE,FALSE,FALSE,FALSE,FALSE,FALSE,FALSE,FALSE,FALSE,FALSE,FALSE,FALSE,FALSE,FALSE,FALSE,FALSE,FALSE,TRUE,FALSE,FALSE,2016-10-10,2017-09-25
powsimR,R,10.1101/117150,PREPRINT,https://github.com/bvieth/powsimR,Power analysis for bulk and single cell RNA-seq experiments,GPL,FALSE,FALSE,FALSE,FALSE,FALSE,FALSE,FALSE,FALSE,FALSE,FALSE,FALSE,FALSE,FALSE,FALSE,FALSE,FALSE,FALSE,FALSE,FALSE,FALSE,FALSE,FALSE,FALSE,FALSE,FALSE,FALSE,FALSE,FALSE,FALSE,TRUE,FALSE,TRUE,2017-03-20,2017-06-30
pseudogp,R,10.1101/047365,PREPRINT,https://github.com/kieranrcampbell/pseudogp,pseudogp is an R package for Bayesian inference of Gaussian Process Latent Variable models learning pseudotimes from single-cell RNA-seq.,MIT,FALSE,FALSE,FALSE,FALSE,FALSE,FALSE,FALSE,FALSE,FALSE,FALSE,FALSE,TRUE,FALSE,FALSE,FALSE,FALSE,FALSE,FALSE,FALSE,FALSE,FALSE,FALSE,FALSE,FALSE,FALSE,FALSE,FALSE,FALSE,FALSE,TRUE,FALSE,FALSE,2016-09-09,2016-09-09
RaceID2,R,10.1016/j.stem.2016.05.010,2016-06-21,https://github.com/dgrun/StemID,"RaceID2 is an advanced version of RaceID, an algorithm for the identification of rare and abundant cell types from single cell transcriptome data.",,FALSE,FALSE,FALSE,FALSE,FALSE,FALSE,FALSE,FALSE,FALSE,FALSE,FALSE,FALSE,FALSE,FALSE,FALSE,FALSE,FALSE,FALSE,FALSE,FALSE,FALSE,FALSE,FALSE,TRUE,FALSE,FALSE,FALSE,FALSE,FALSE,FALSE,FALSE,FALSE,2016-09-09,2016-09-09
RCA,R,10.1038/ng.3818,2017-03-20,https://github.com/GIS-SP-Group/RCA,"RCA, short for Reference Component Analysis, is an R package for robust clustering analysis of single cell RNA sequencing data (scRNAseq).",MIT,FALSE,FALSE,FALSE,FALSE,FALSE,FALSE,FALSE,FALSE,FALSE,TRUE,FALSE,FALSE,FALSE,FALSE,FALSE,FALSE,FALSE,FALSE,FALSE,FALSE,FALSE,FALSE,FALSE,FALSE,FALSE,FALSE,FALSE,FALSE,FALSE,TRUE,FALSE,FALSE,2017-03-27,2017-03-27
reCAT,R,10.1038/s41467-017-00039-z,2017-06-19,https://github.com/tinglab/reCAT,reCAT is a modelling framework for unsynchronized single-cell transcriptome data that can reconstruct a high-resolution cell cycle time-series.,,FALSE,FALSE,FALSE,FALSE,FALSE,FALSE,FALSE,FALSE,FALSE,TRUE,FALSE,TRUE,FALSE,FALSE,FALSE,FALSE,FALSE,FALSE,TRUE,FALSE,FALSE,FALSE,FALSE,FALSE,FALSE,FALSE,FALSE,FALSE,FALSE,TRUE,FALSE,FALSE,2017-07-16,2017-07-16
SAIC,R,10.1186/s12864-017-4019-5,2017-10-03,https://github.com/xiweiwu/SAIC,Single cell RNA-seq analysis with iterative clustering (SAIC) is a method to identify subgroups and signature genes in single cell RNA-seq data.,LGPL(>= 2.0),FALSE,FALSE,FALSE,FALSE,FALSE,FALSE,FALSE,FALSE,FALSE,TRUE,FALSE,FALSE,FALSE,FALSE,FALSE,FALSE,FALSE,FALSE,FALSE,FALSE,FALSE,FALSE,FALSE,FALSE,FALSE,FALSE,FALSE,FALSE,FALSE,FALSE,FALSE,FALSE,2017-10-10,2017-10-10
sake,R,,,https://github.com/naikai/sake,Single-cell RNA-Seq Analysis and Klustering Evaluation. The aim of sake is to provide a user-friendly tool for easy analysis of NGS Single-Cell transcriptomic data.,GPL (>= 2),FALSE,FALSE,FALSE,FALSE,FALSE,TRUE,FALSE,FALSE,TRUE,TRUE,FALSE,FALSE,TRUE,FALSE,FALSE,FALSE,TRUE,TRUE,FALSE,TRUE,FALSE,FALSE,FALSE,FALSE,FALSE,FALSE,FALSE,FALSE,FALSE,TRUE,TRUE,FALSE,2016-10-10,2016-10-10
SAMstrt,R,10.1093/bioinformatics/btt511,2013-11-15,https://github.com/shka/R-SAMstrt,Statistical test for differential expression in single-celltranscriptome with spike-in normalization,LGLP-3.0,FALSE,FALSE,FALSE,FALSE,FALSE,TRUE,FALSE,FALSE,FALSE,FALSE,FALSE,FALSE,TRUE,FALSE,FALSE,FALSE,FALSE,FALSE,FALSE,FALSE,FALSE,FALSE,FALSE,FALSE,FALSE,FALSE,FALSE,FALSE,FALSE,FALSE,FALSE,FALSE,2016-09-09,2016-09-09
SAVER,R,10.1101/138677,PREPRINT,https://github.com/mohuangx/SAVER,SAVER (Single-cell Analysis Via Expression Recovery) implements a regularized regression prediction and empirical Bayes method to recover the true gene expression profile in noisy and sparse single-cell RNA-seq data.,GPL-2,FALSE,FALSE,FALSE,FALSE,FALSE,FALSE,TRUE,FALSE,FALSE,FALSE,FALSE,FALSE,FALSE,FALSE,FALSE,FALSE,FALSE,FALSE,FALSE,FALSE,FALSE,FALSE,FALSE,FALSE,FALSE,FALSE,FALSE,FALSE,FALSE,FALSE,FALSE,FALSE,2017-06-23,2017-06-23
SC3,R,10.1038/nmeth.4236,2017-03-27,https://github.com/hemberg-lab/sc3,SC3 is an interactive tool for the unsupervised clustering of cells from single cell RNA-Seq experiments.,GPL-3,FALSE,FALSE,FALSE,FALSE,FALSE,FALSE,FALSE,FALSE,FALSE,TRUE,FALSE,FALSE,FALSE,FALSE,FALSE,FALSE,FALSE,FALSE,FALSE,FALSE,FALSE,FALSE,FALSE,FALSE,FALSE,FALSE,FALSE,FALSE,FALSE,FALSE,TRUE,FALSE,2016-09-08,2017-09-21
SCALE,R,10.1186/s13059-017-1200-8,2017-04-26,https://github.com/yuchaojiang/SCALE,Allele-Specific Expression by Single-Cell RNA Sequencing,GPL-3,FALSE,FALSE,FALSE,FALSE,FALSE,FALSE,FALSE,FALSE,FALSE,FALSE,FALSE,FALSE,FALSE,FALSE,FALSE,FALSE,FALSE,FALSE,FALSE,FALSE,FALSE,FALSE,FALSE,FALSE,FALSE,FALSE,FALSE,FALSE,TRUE,FALSE,FALSE,FALSE,2017-02-23,
Scanpy,Python,10.1101/174029,PREPRINT,https://github.com/theislab/scanpy,Single-Cell Analysis in Python,BSD-3-clause,FALSE,FALSE,FALSE,FALSE,FALSE,TRUE,FALSE,FALSE,TRUE,TRUE,FALSE,TRUE,TRUE,FALSE,FALSE,TRUE,FALSE,FALSE,FALSE,TRUE,FALSE,FALSE,FALSE,FALSE,FALSE,FALSE,FALSE,FALSE,FALSE,TRUE,FALSE,TRUE,2017-05-21,2017-09-18
Scater,R,10.1093/bioinformatics/btw777,2017-01-14,https://github.com/davismcc/scater,"Scater places an emphasis on tools for quality control, visualisation and pre-processing of data before further downstream analysis, filling a useful niche between raw RNA-sequencing count or transcripts-per-million data and more focused downstream modelling tools such as monocle, scLVM, SCDE, edgeR, limma and so on.",GPL (>= 2),FALSE,FALSE,FALSE,TRUE,TRUE,TRUE,FALSE,FALSE,FALSE,FALSE,FALSE,FALSE,FALSE,FALSE,FALSE,FALSE,FALSE,FALSE,FALSE,TRUE,FALSE,FALSE,FALSE,FALSE,FALSE,FALSE,FALSE,FALSE,FALSE,TRUE,TRUE,FALSE,2016-09-08,2017-03-01
scDD,R,10.1186/s13059-016-1077-y,2016-10-25,https://github.com/kdkorthauer/scDD,"scDD (Single-Cell Differential Distributions) is a framework to identify genes with different expression patterns between biological groups of interest. In addition to traditional differential expression, it can detect differences that are more complex and subtle than a mean shift.",GPL-2,FALSE,FALSE,FALSE,FALSE,FALSE,FALSE,FALSE,FALSE,FALSE,FALSE,FALSE,FALSE,TRUE,FALSE,FALSE,FALSE,FALSE,FALSE,FALSE,FALSE,FALSE,FALSE,FALSE,FALSE,FALSE,FALSE,FALSE,FALSE,FALSE,FALSE,FALSE,TRUE,2016-09-08,2016-11-07
SCDE,R,10.1038/nmeth.2967,2014-07-01,https://github.com/hms-dbmi/scde,Differential expression using error models and overdispersion-based identification of important gene sets.,,FALSE,FALSE,FALSE,FALSE,FALSE,FALSE,FALSE,FALSE,FALSE,FALSE,FALSE,FALSE,TRUE,FALSE,FALSE,FALSE,TRUE,FALSE,FALSE,FALSE,FALSE,FALSE,FALSE,FALSE,FALSE,FALSE,FALSE,FALSE,FALSE,TRUE,FALSE,FALSE,2016-09-08,2016-09-08
SCell,MATLAB,10.1093/bioinformatics/btw201,2016-04-19,https://github.com/diazlab/SCell,"SCell is an integrated software tool for quality filtering, normalization, feature selection, iterative dimensionality reduction, clustering and the estimation of gene-expression gradients from large ensembles of single-cell RNA-seq datasets. SCell is open source, and implemented with an intuitive graphical interface.",GPL,FALSE,FALSE,FALSE,FALSE,TRUE,TRUE,FALSE,FALSE,TRUE,TRUE,FALSE,TRUE,TRUE,FALSE,FALSE,FALSE,FALSE,FALSE,FALSE,TRUE,FALSE,FALSE,FALSE,FALSE,FALSE,FALSE,FALSE,FALSE,FALSE,TRUE,TRUE,FALSE,2016-09-08,2016-09-08
SCENIC,R,10.1101/144501,PREPRINT,https://github.com/aertslab/SCENIC,SCENIC is a tool to infer Gene Regulatory Networks and cell types from single-cell RNA-seq data.,Custom,FALSE,FALSE,FALSE,FALSE,FALSE,FALSE,FALSE,FALSE,FALSE,TRUE,FALSE,FALSE,FALSE,FALSE,FALSE,FALSE,FALSE,TRUE,FALSE,FALSE,FALSE,FALSE,FALSE,FALSE,FALSE,FALSE,FALSE,FALSE,FALSE,TRUE,FALSE,FALSE,2017-06-26,2017-06-26
SCENT,R,10.1038/ncomms15599,2017-06-01,https://github.com/aet21/SCENT,scent_1.0 is an R-package for analysis of single-cell RNA-Seq data. It uses single-cell entropy to help analyse and interpret such data.,GPL-3,FALSE,FALSE,FALSE,FALSE,FALSE,FALSE,FALSE,FALSE,FALSE,FALSE,FALSE,TRUE,FALSE,FALSE,FALSE,FALSE,FALSE,FALSE,FALSE,FALSE,FALSE,FALSE,FALSE,FALSE,FALSE,FALSE,FALSE,FALSE,FALSE,FALSE,FALSE,FALSE,2016-11-09,2017-06-08
SCIMITAR,Python,10.1101/070151,PREPRINT,https://github.com/dimenwarper/scimitar,SCIMITAR provides a variety of tools to analyze trajectory maps of single-cell measurements.,,FALSE,FALSE,FALSE,FALSE,FALSE,FALSE,FALSE,FALSE,FALSE,FALSE,FALSE,TRUE,FALSE,FALSE,TRUE,FALSE,FALSE,TRUE,FALSE,FALSE,FALSE,FALSE,FALSE,FALSE,FALSE,FALSE,FALSE,FALSE,FALSE,FALSE,FALSE,FALSE,2016-09-12,2016-09-12
scImpute,R,10.1101/141598,PREPRINT,https://github.com/Vivianstats/scImpute,scImpute is developed to accurately and robustly impute the dropout values in scRNA-seq data,,FALSE,FALSE,FALSE,FALSE,FALSE,FALSE,TRUE,FALSE,FALSE,FALSE,FALSE,FALSE,FALSE,FALSE,FALSE,FALSE,FALSE,FALSE,FALSE,FALSE,FALSE,FALSE,FALSE,FALSE,FALSE,FALSE,FALSE,FALSE,FALSE,FALSE,FALSE,FALSE,2017-05-30,2017-05-30
scLVM,R/Python,10.1038/nbt.3102,2015-02-01,https://github.com/PMBio/scLVM,"scLVM is a modelling framework for single-cell RNA-seq data that can be used to dissect the observed heterogeneity into different sources, thereby allowing for the correction of confounding sources of variation. scLVM was primarily designed to account for cell-cycle induced variations in single-cell RNA-seq data where cell cycle is the primary soure of variability.",Apache-2.0,FALSE,FALSE,FALSE,FALSE,FALSE,TRUE,FALSE,FALSE,FALSE,FALSE,FALSE,FALSE,FALSE,FALSE,FALSE,TRUE,FALSE,FALSE,TRUE,FALSE,FALSE,FALSE,FALSE,FALSE,FALSE,FALSE,FALSE,FALSE,FALSE,TRUE,FALSE,FALSE,2016-09-08,2016-12-08
scmap,R,10.1101/150292,PREPRINT,https://github.com/hemberg-lab/scmap,scmap is a method for projecting cells from a scRNA-seq experiment on to the cell-types identified in a different experiment.,GPL-3,FALSE,FALSE,FALSE,FALSE,FALSE,FALSE,FALSE,FALSE,FALSE,FALSE,TRUE,FALSE,FALSE,FALSE,FALSE,FALSE,FALSE,FALSE,FALSE,FALSE,FALSE,FALSE,FALSE,FALSE,FALSE,FALSE,FALSE,FALSE,FALSE,FALSE,FALSE,FALSE,2017-06-23,2017-06-23
SCNorm,R,10.1038/nmeth.4263,2017-04-17,https://github.com/rhondabacher/SCnorm,A quantile regression based approach for robust normalization of single cell RNA-seq data.,GPL (>= 2),FALSE,FALSE,FALSE,FALSE,FALSE,TRUE,FALSE,FALSE,FALSE,FALSE,FALSE,FALSE,FALSE,FALSE,FALSE,FALSE,FALSE,FALSE,FALSE,FALSE,FALSE,FALSE,FALSE,FALSE,FALSE,FALSE,FALSE,FALSE,FALSE,FALSE,FALSE,FALSE,2016-11-29,2017-04-27
SCODE,R,10.1101/088856,PREPRINT,https://github.com/hmatsu1226/SCODE,SCODE : an efficient regulatory network inference algorithm from single-cell RNA-Seq during differentiation.,MIT,FALSE,FALSE,FALSE,FALSE,FALSE,FALSE,FALSE,FALSE,FALSE,FALSE,FALSE,TRUE,FALSE,FALSE,FALSE,FALSE,FALSE,TRUE,FALSE,FALSE,FALSE,FALSE,FALSE,FALSE,FALSE,FALSE,FALSE,FALSE,FALSE,FALSE,FALSE,FALSE,2016-11-29,2016-11-29
SCONE,R,,,https://github.com/YosefLab/scone,"SCONE (Single-Cell Overview of Normalized Expression), a package for single-cell RNA-seq data quality control (QC) and normalization. This data-driven framework uses summaries of expression data to assess the efficacy of normalization workflows.",Artistic-2.0,FALSE,FALSE,FALSE,FALSE,TRUE,TRUE,FALSE,FALSE,FALSE,FALSE,FALSE,FALSE,FALSE,FALSE,FALSE,FALSE,FALSE,FALSE,FALSE,FALSE,FALSE,FALSE,FALSE,FALSE,FALSE,FALSE,FALSE,FALSE,FALSE,TRUE,TRUE,FALSE,2016-09-08,2016-09-08
SCORPIUS,R,10.1101/079509,PREPRINT,https://github.com/rcannood/SCORPIUS,SCORPIUS an unsupervised approach for inferring developmental chronologies from single-cell RNA sequencing data.,GPL-3,FALSE,FALSE,FALSE,FALSE,FALSE,FALSE,FALSE,FALSE,FALSE,FALSE,FALSE,TRUE,FALSE,FALSE,TRUE,FALSE,FALSE,TRUE,FALSE,TRUE,FALSE,FALSE,FALSE,FALSE,FALSE,FALSE,FALSE,FALSE,FALSE,TRUE,FALSE,FALSE,2016-10-11,2016-10-11
SCOUP,C++,,,https://github.com/hmatsu1226/SCOUP,Uses probabilistic model based on the Ornstein-Uhlenbeck process to analyze single-cell expression data during differentiation.,MIT,FALSE,FALSE,FALSE,FALSE,FALSE,FALSE,FALSE,FALSE,FALSE,FALSE,FALSE,TRUE,FALSE,FALSE,FALSE,FALSE,FALSE,FALSE,FALSE,FALSE,FALSE,FALSE,FALSE,FALSE,FALSE,FALSE,FALSE,FALSE,FALSE,FALSE,FALSE,FALSE,2016-09-08,2016-09-08
SCPattern,R,10.1101/046110,PREPRINT,https://github.com/lengning/SCPattern,A statistical approach to identify and classify expression changes in single cell RNA-seq experiments with ordered conditions.,Apache-2.0,FALSE,FALSE,FALSE,FALSE,FALSE,FALSE,FALSE,FALSE,FALSE,FALSE,FALSE,FALSE,TRUE,FALSE,TRUE,FALSE,FALSE,FALSE,FALSE,FALSE,FALSE,FALSE,FALSE,FALSE,FALSE,FALSE,FALSE,FALSE,FALSE,FALSE,TRUE,FALSE,2016-09-09,2016-09-09
scphaser,R,10.1093/bioinformatics/btw484,2016-08-06,https://github.com/edsgard/scphaser,scphaser is an R package for haplotype phasing using single-cell RNA-seq data.,GPL-3,FALSE,FALSE,FALSE,FALSE,FALSE,FALSE,FALSE,FALSE,FALSE,FALSE,FALSE,FALSE,FALSE,FALSE,FALSE,FALSE,FALSE,FALSE,FALSE,FALSE,FALSE,FALSE,FALSE,FALSE,FALSE,FALSE,FALSE,TRUE,FALSE,FALSE,FALSE,FALSE,2016-09-09,2016-09-09
scPipe,R,10.1101/175927,PREPRINT,https://github.com/LuyiTian/scPipe,a pipeline for single cell RNA-seq data analysis,GPL (>= 2),FALSE,TRUE,TRUE,TRUE,TRUE,FALSE,FALSE,FALSE,FALSE,FALSE,FALSE,FALSE,FALSE,FALSE,FALSE,FALSE,FALSE,FALSE,FALSE,FALSE,FALSE,FALSE,FALSE,FALSE,FALSE,FALSE,FALSE,FALSE,FALSE,TRUE,FALSE,TRUE,2017-06-30,2017-09-18
scran,R,10.1186/s13059-016-0947-7,2016-04-27,https://github.com/MarioniLab/scran,"This package implements a variety of low-level analyses of single-cell RNA-seq data. Methods are provided for normalization of cell-specific biases, pool-based norms to estimate size factors, assignment of cell cycle phase, and detection of highly variable and significantly correlated genes.",GPL-3,FALSE,FALSE,FALSE,FALSE,FALSE,TRUE,FALSE,TRUE,FALSE,FALSE,FALSE,FALSE,FALSE,FALSE,FALSE,TRUE,FALSE,FALSE,TRUE,FALSE,FALSE,FALSE,FALSE,FALSE,FALSE,FALSE,FALSE,FALSE,FALSE,FALSE,FALSE,FALSE,2016-09-08,2017-09-25
SCRL,C++,10.1093/nar/gkx750,2017-08-28,https://github.com/SuntreeLi/SCRL,This is the SCRL toolkit developed for learning meaningful representations for scRNA-seq data by integrating multiple source of network information.,,FALSE,FALSE,FALSE,FALSE,FALSE,FALSE,FALSE,FALSE,FALSE,FALSE,FALSE,FALSE,FALSE,FALSE,FALSE,FALSE,FALSE,TRUE,FALSE,TRUE,FALSE,FALSE,FALSE,FALSE,FALSE,FALSE,FALSE,FALSE,FALSE,FALSE,FALSE,FALSE,2017-09-09,2017-09-09
scTCRseq,Python,,,https://github.com/ElementoLab/scTCRseq,This project is an implementation of a pipeline for Single-cell RNAseq package for recovering TCR data in python.,GPL-3,FALSE,FALSE,FALSE,FALSE,FALSE,FALSE,FALSE,FALSE,FALSE,FALSE,FALSE,FALSE,FALSE,FALSE,FALSE,FALSE,FALSE,FALSE,FALSE,FALSE,FALSE,FALSE,FALSE,FALSE,FALSE,TRUE,FALSE,FALSE,FALSE,FALSE,FALSE,FALSE,2017-09-09,2017-09-09
scTDA,Python,10.1038/nbt.3854,2017-05-01,https://github.com/pcamara/scTDA,"scTDA is an object oriented python library for topological data analysis of high-throughput single-cell RNA-seq data. It includes tools for the preprocessing, analysis, and exploration of single-cell RNA-seq data based on topological representations.",GPL-3,FALSE,FALSE,FALSE,FALSE,TRUE,FALSE,FALSE,FALSE,FALSE,FALSE,FALSE,TRUE,FALSE,FALSE,FALSE,FALSE,FALSE,FALSE,FALSE,FALSE,FALSE,FALSE,FALSE,FALSE,FALSE,FALSE,FALSE,FALSE,FALSE,TRUE,FALSE,FALSE,2017-05-09,2017-09-25
SCUBA,MATLAB,10.1073/pnas.1408993111,2014-12-30,https://github.com/gcyuan/SCUBA,"SCUBA stands for ""Single-cell Clustering Using Bifurcation Analysis."" SCUBA is a novel computational method for extracting lineage relationships from single-cell gene expression data, and modeling the dynamic changes associated with cell differentiation.",,FALSE,FALSE,FALSE,FALSE,FALSE,FALSE,FALSE,FALSE,FALSE,FALSE,FALSE,TRUE,FALSE,FALSE,TRUE,FALSE,FALSE,FALSE,FALSE,FALSE,FALSE,FALSE,FALSE,FALSE,FALSE,FALSE,FALSE,FALSE,FALSE,FALSE,FALSE,FALSE,2016-09-12,2016-09-12
scVEGs,R,10.1186/s12864-016-2897-6,2016-08-22,https://github.com/hillas/scVEGs,scVEGs is a novel algorithm for single-cell RNA-seq (scRNA-seq) data to determine significant variably expressed genes (VEGs) using a gene expression variation model (GEVM).,MIT,FALSE,FALSE,FALSE,FALSE,FALSE,FALSE,FALSE,FALSE,FALSE,FALSE,FALSE,FALSE,FALSE,FALSE,FALSE,TRUE,FALSE,FALSE,FALSE,FALSE,FALSE,FALSE,FALSE,FALSE,FALSE,FALSE,FALSE,FALSE,FALSE,FALSE,FALSE,FALSE,2016-09-09,2016-09-09
SEGtool,R,10.1093/bib/bbx074,2017-07-07,http://bioinfo.life.hust.edu.cn/SEGtool/,"SEGtool is an R package with self-adaptive function and high accuracy for specifically expressed gene (SEG, also known as tissue specific gene) detection.",,FALSE,FALSE,FALSE,FALSE,FALSE,FALSE,FALSE,FALSE,TRUE,FALSE,FALSE,FALSE,FALSE,TRUE,FALSE,FALSE,FALSE,FALSE,FALSE,FALSE,FALSE,FALSE,FALSE,FALSE,FALSE,FALSE,FALSE,FALSE,FALSE,FALSE,FALSE,FALSE,2017-07-16,2017-07-16
SEPA,R,,,https://github.com/zji90/SEPA,"SEPA provides convenient functions for users to assign genes into different gene expression patterns such as constant, monotone increasing and increasing then decreasing. SEPA then performs GO enrichment analysis to analysis the functional roles of genes with same or similar patterns.",GPL (>= 2),FALSE,FALSE,FALSE,FALSE,FALSE,FALSE,FALSE,FALSE,FALSE,FALSE,FALSE,FALSE,FALSE,FALSE,TRUE,FALSE,TRUE,FALSE,FALSE,FALSE,FALSE,FALSE,FALSE,FALSE,FALSE,FALSE,FALSE,FALSE,FALSE,FALSE,TRUE,FALSE,2016-09-08,2016-09-08
Seurat,R,10.1038/nbt.3192,2015-04-13,https://github.com/satijalab/seurat,"It contains easy-to-use implementations of commonly used analytical techniques, including the identification of highly variable genes, dimensionality reduction (PCA, ICA, t-SNE), standard unsupervised clustering algorithms (density clustering, hierarchical clustering, k-means), and the discovery of differentially expressed genes and markers.",GPL-3,FALSE,FALSE,FALSE,FALSE,FALSE,TRUE,TRUE,TRUE,TRUE,TRUE,FALSE,FALSE,TRUE,TRUE,FALSE,TRUE,FALSE,FALSE,FALSE,TRUE,FALSE,FALSE,FALSE,FALSE,FALSE,FALSE,FALSE,FALSE,FALSE,TRUE,FALSE,FALSE,2016-09-08,2017-09-25
SIMLR,R/MATLAB/Python,10.1038/nmeth.4207,2017-03-06,https://github.com/BatzoglouLabSU/SIMLR,"Single-cell Interpretation via Multi-kernel LeaRning which learns an appropriate distance metric from the data for dimension reduction, clustering and visualization.",GPL-3,FALSE,FALSE,FALSE,FALSE,FALSE,FALSE,FALSE,FALSE,FALSE,TRUE,FALSE,FALSE,FALSE,FALSE,FALSE,FALSE,FALSE,FALSE,FALSE,TRUE,FALSE,FALSE,FALSE,FALSE,FALSE,FALSE,FALSE,FALSE,FALSE,TRUE,FALSE,FALSE,2016-09-09,2017-08-20
sincell,R,10.1101/014472,PREPRINT,https://github.com/Bioconductor-mirror/sincell,"Existing computational approaches for the assessment of cell-state hierarchies from single-cell data might be formalized under a general workflow composed of i) a metric to assess cell-to-cell similarities (combined or not with a dimensionality reduction step), and ii) a graph-building algorithm (optionally making use of a cells-clustering step). Sincell R package implements a methodological toolbox allowing flexible workflows under such framework.",GPL (>= 2),FALSE,FALSE,FALSE,FALSE,FALSE,FALSE,FALSE,FALSE,FALSE,TRUE,FALSE,TRUE,FALSE,FALSE,FALSE,FALSE,FALSE,FALSE,FALSE,TRUE,FALSE,FALSE,FALSE,FALSE,FALSE,FALSE,FALSE,FALSE,FALSE,TRUE,FALSE,FALSE,2016-09-08,2016-09-08
Sincera,R,10.1371/journal.pcbi.1004575,2015-11-04,https://github.com/xu-lab/SINCERA,R-based pipeline for single-cell analysis including clustering and visualization.,GPL-3,FALSE,FALSE,FALSE,FALSE,TRUE,TRUE,FALSE,FALSE,TRUE,TRUE,FALSE,FALSE,TRUE,TRUE,FALSE,FALSE,FALSE,FALSE,FALSE,FALSE,FALSE,FALSE,FALSE,FALSE,FALSE,FALSE,FALSE,FALSE,FALSE,FALSE,FALSE,FALSE,2016-09-08,2017-06-08
SINCERITIES,MATLAB/R,10.1093/bioinformatics/btx575,2017-09-14,https://github.com/CABSEL/SINCERITIES,SINCERITIES is a tool for inferring gene regulatory networks from time-stamped cross-sectional single cell transcriptional expression profiles.,BSD-3-clause,FALSE,FALSE,FALSE,FALSE,FALSE,FALSE,FALSE,FALSE,FALSE,FALSE,FALSE,FALSE,FALSE,FALSE,FALSE,FALSE,FALSE,TRUE,FALSE,FALSE,FALSE,FALSE,FALSE,FALSE,FALSE,FALSE,FALSE,FALSE,FALSE,FALSE,FALSE,FALSE,2017-09-21,2017-09-21
SingleSplice,R/Perl/C++,10.1093/nar/gkv1525,2016-01-05,https://github.com/jw156605/SingleSplice,Algorithm for detecting alternative splicing in a population of single cells.,GPL-2,FALSE,FALSE,FALSE,FALSE,FALSE,FALSE,FALSE,FALSE,FALSE,FALSE,FALSE,FALSE,FALSE,FALSE,FALSE,FALSE,FALSE,FALSE,FALSE,FALSE,FALSE,FALSE,TRUE,FALSE,FALSE,FALSE,FALSE,FALSE,FALSE,FALSE,FALSE,FALSE,2017-01-24,2017-01-24
SinQC,R/Python,10.1093/bioinformatics/btw176,2016-04-10,http://www.morgridge.net/SinQC.html,A Method and Tool to Control Single-cell RNA-seq Data Quality.,,FALSE,FALSE,FALSE,FALSE,TRUE,FALSE,FALSE,FALSE,FALSE,FALSE,FALSE,FALSE,FALSE,FALSE,FALSE,FALSE,FALSE,FALSE,FALSE,FALSE,FALSE,FALSE,FALSE,FALSE,FALSE,FALSE,FALSE,FALSE,FALSE,FALSE,FALSE,FALSE,2016-09-08,2017-04-18
sircel,Python,10.1101/136242,PREPRINT,https://github.com/pachterlab/Sircel,Identify cell barcodes from single-cell genomics sequencing experiments,MIT,FALSE,FALSE,TRUE,TRUE,FALSE,FALSE,FALSE,FALSE,FALSE,FALSE,FALSE,FALSE,FALSE,FALSE,FALSE,FALSE,FALSE,FALSE,FALSE,FALSE,FALSE,FALSE,FALSE,FALSE,FALSE,FALSE,FALSE,FALSE,FALSE,FALSE,FALSE,FALSE,2017-05-21,2017-09-11
SLICE,R,10.1093/nar/gkw1278,2016-12-19,https://research.cchmc.org/pbge/slice.html,The SLICE (Single Cell Lineage Inference Using Cell Expression Similarity and Entropy) algorithm consists of two major steps: (1) measuring cell differentiation states based on the calculation of single cell entropy (scEntropy) and (2) predicting cell differentiation trajectories by ordering single cells according to their scEntropy-derived differentiation states.,GPL-3,FALSE,FALSE,FALSE,FALSE,FALSE,FALSE,FALSE,FALSE,FALSE,FALSE,FALSE,TRUE,FALSE,FALSE,FALSE,FALSE,FALSE,FALSE,FALSE,FALSE,FALSE,FALSE,FALSE,FALSE,FALSE,FALSE,FALSE,FALSE,FALSE,FALSE,FALSE,FALSE,2017-01-10,2017-01-10
SLICER,R,10.1186/s13059-016-0975-3,2016-05-23,https://github.com/jw156605/SLICER,Selective Locally linear Inference of Cellular Expression Relationships (SLICER) algorithm for inferring cell trajectories.,GPL-2,FALSE,FALSE,FALSE,FALSE,FALSE,FALSE,FALSE,FALSE,FALSE,FALSE,FALSE,TRUE,FALSE,FALSE,FALSE,FALSE,FALSE,FALSE,FALSE,FALSE,FALSE,FALSE,FALSE,FALSE,FALSE,FALSE,FALSE,FALSE,FALSE,FALSE,FALSE,FALSE,2016-09-08,2016-09-08
slingshot,R,,,https://github.com/kstreet13/slingshot,Functions for identifying and characterizing continuous developmental trajectories in single-cell sequencing data.,Artistic-2.0,FALSE,FALSE,FALSE,FALSE,FALSE,FALSE,FALSE,FALSE,FALSE,FALSE,FALSE,TRUE,FALSE,FALSE,FALSE,FALSE,FALSE,FALSE,FALSE,FALSE,FALSE,FALSE,FALSE,FALSE,FALSE,FALSE,FALSE,FALSE,FALSE,FALSE,FALSE,FALSE,2016-09-09,2016-09-09
SoptSC,MATLAB,10.1101/168922,PREPRINT,https://github.com/WangShuxiong/SoptSC,"SoptSC, a computational method for single cell data analysis.",MIT,FALSE,FALSE,FALSE,FALSE,FALSE,FALSE,FALSE,FALSE,FALSE,TRUE,FALSE,TRUE,FALSE,FALSE,FALSE,FALSE,FALSE,FALSE,FALSE,TRUE,FALSE,FALSE,FALSE,FALSE,FALSE,FALSE,FALSE,FALSE,FALSE,FALSE,FALSE,FALSE,2017-08-07,2017-08-07
SPADE,R,10.1038/nprot.2016.066,2016-06-16,https://github.com/nolanlab/spade,Visualization and cellular hierarchy inference of single-cell data using SPADE.,GPL (>= 2),FALSE,FALSE,FALSE,FALSE,FALSE,FALSE,FALSE,FALSE,FALSE,TRUE,FALSE,TRUE,FALSE,TRUE,FALSE,FALSE,FALSE,FALSE,FALSE,TRUE,FALSE,FALSE,FALSE,FALSE,FALSE,FALSE,FALSE,FALSE,FALSE,TRUE,FALSE,FALSE,2016-09-09,2017-04-18
Splatter,R,10.1101/133173,PREPRINT,https://github.com/Oshlack/splatter,Splatter is a package for the simple simulation of single-cell RNA-seq count data.,GPL-3,FALSE,FALSE,FALSE,FALSE,FALSE,FALSE,FALSE,FALSE,FALSE,FALSE,FALSE,FALSE,FALSE,FALSE,FALSE,FALSE,FALSE,FALSE,FALSE,FALSE,FALSE,FALSE,FALSE,FALSE,FALSE,FALSE,FALSE,FALSE,FALSE,TRUE,FALSE,TRUE,2016-10-27,2016-10-27
SPRING,Python/MATLAB/Javascript,10.1101/090332,PREPRINT,https://github.com/AllonKleinLab/SPRING,SPRING is a collection of pre-processing scripts and a web browser-based tool for visualizing and interacting with high dimensional data.,,FALSE,FALSE,FALSE,FALSE,FALSE,FALSE,FALSE,FALSE,FALSE,FALSE,FALSE,FALSE,FALSE,FALSE,FALSE,FALSE,FALSE,FALSE,FALSE,TRUE,FALSE,FALSE,FALSE,FALSE,FALSE,FALSE,FALSE,FALSE,FALSE,TRUE,TRUE,FALSE,2016-12-05,2016-12-05
SSrGE,Python,10.1101/095810,PREPRINT,https://github.com/lanagarmire/SSrGE,This procedure aims to fit sparse linear models using a binary matrix (n_samples x n_SNV) as features matrix and a gene expression matrix (n_genes x n_samples) as response.,MIT,FALSE,FALSE,FALSE,FALSE,FALSE,FALSE,FALSE,TRUE,FALSE,TRUE,FALSE,FALSE,FALSE,FALSE,FALSE,FALSE,FALSE,FALSE,FALSE,FALSE,FALSE,FALSE,FALSE,FALSE,FALSE,FALSE,TRUE,FALSE,FALSE,FALSE,FALSE,FALSE,2017-01-10,2017-09-25
StemID,R,10.1016/j.stem.2016.05.010,2016-06-21,https://github.com/dgrun/StemID,StemID is an algorithm for the derivation of cell lineage trees based on RaceID2 results and predicts multipotent cell identites.,,FALSE,FALSE,FALSE,FALSE,FALSE,FALSE,FALSE,FALSE,FALSE,FALSE,FALSE,TRUE,FALSE,FALSE,FALSE,FALSE,FALSE,FALSE,FALSE,FALSE,FALSE,FALSE,FALSE,FALSE,TRUE,FALSE,FALSE,FALSE,FALSE,FALSE,FALSE,FALSE,2016-09-09,2016-09-09
switchde,R,10.1093/bioinformatics/btw798,2016-12-23,https://github.com/kieranrcampbell/switchde,Differential expression analysis across pseudotime. Identify genes that exhibit switch-like up or down regulation along single-cell trajectories along with where in the trajectory the regulation occurs.,GPL (>= 2),FALSE,FALSE,FALSE,FALSE,FALSE,FALSE,FALSE,FALSE,FALSE,FALSE,FALSE,FALSE,TRUE,FALSE,TRUE,FALSE,FALSE,FALSE,FALSE,FALSE,FALSE,FALSE,FALSE,FALSE,FALSE,FALSE,FALSE,FALSE,FALSE,FALSE,FALSE,FALSE,2016-09-09,2017-01-10
TASC,C++,10.1093/nar/gkx754,2017-09-25,https://github.com/scrna-seq/TASC,"TASC (Toolkit for Analysis of Single Cell RNA-seq), an empirical Bayes approach to reliably model the cell-specific dropout rates and amplification bias by use of external RNA spike-ins.",MIT,FALSE,FALSE,FALSE,TRUE,FALSE,TRUE,FALSE,FALSE,FALSE,FALSE,FALSE,FALSE,TRUE,FALSE,FALSE,FALSE,FALSE,FALSE,FALSE,FALSE,FALSE,FALSE,FALSE,FALSE,FALSE,FALSE,FALSE,FALSE,FALSE,FALSE,FALSE,FALSE,2017-03-29,2017-10-02
TASIC,MATLAB,bioinformatics/btx173,2017-04-04,https://www.andrew.cmu.edu/user/sabrinar/TASIC/TASIC.htm,TASIC uses a Hidden Markov Model (HMM) based on a probabilistic Kalman Filter approach to combine time and expression information for determining the branching process associated with time series single cell studies.,,FALSE,FALSE,FALSE,FALSE,FALSE,FALSE,FALSE,FALSE,FALSE,FALSE,FALSE,TRUE,FALSE,FALSE,FALSE,FALSE,FALSE,FALSE,FALSE,FALSE,FALSE,FALSE,FALSE,FALSE,FALSE,FALSE,FALSE,FALSE,FALSE,FALSE,TRUE,FALSE,2017-04-27,2017-04-27
topslam,Python,10.1101/057778,PREPRINT,https://github.com/mzwiessele/topslam,Extracting and using probabilistic Waddington's landscape recreation from single cell gene expression measurements.,BSD-3-clause,FALSE,FALSE,FALSE,FALSE,FALSE,FALSE,FALSE,FALSE,FALSE,FALSE,FALSE,TRUE,FALSE,FALSE,FALSE,FALSE,FALSE,FALSE,FALSE,FALSE,FALSE,FALSE,FALSE,FALSE,FALSE,FALSE,FALSE,FALSE,FALSE,FALSE,FALSE,FALSE,2016-09-12,2016-09-12
TraCeR,Python,10.1038/nmeth.3800,2016-03-07,https://github.com/teichlab/tracer,TraCeR - reconstruction of T cell receptor sequences from single-cell RNA-seq data.,Apache-2.0,TRUE,TRUE,FALSE,TRUE,FALSE,FALSE,FALSE,FALSE,FALSE,FALSE,FALSE,FALSE,FALSE,FALSE,FALSE,FALSE,FALSE,FALSE,FALSE,FALSE,FALSE,FALSE,FALSE,FALSE,FALSE,TRUE,FALSE,FALSE,FALSE,TRUE,FALSE,FALSE,2016-09-08,2017-09-11
TRAPeS,Python,10.1093/nar/gkx615,2017-07-17,https://github.com/yoseflab/trapes,"TRAPeS (TCR Reconstruction Algorithm for Paired-End Single-cell),  software for reconstruction of T cell receptors (TCR) using short, paired-end single-cell RNA-sequencing. ",Custom,FALSE,FALSE,FALSE,TRUE,FALSE,FALSE,FALSE,FALSE,FALSE,FALSE,FALSE,FALSE,FALSE,FALSE,FALSE,FALSE,FALSE,FALSE,FALSE,FALSE,FALSE,FALSE,FALSE,FALSE,FALSE,TRUE,FALSE,FALSE,FALSE,FALSE,FALSE,FALSE,2016-11-10,2017-09-09
TSCAN,R,10.1093/nar/gkw430,2016-05-13,https://github.com/zji90/TSCAN,Pseudo-time reconstruction and evaluation in single-cell RNA-seq analysis.,GPL (>= 2),FALSE,FALSE,FALSE,FALSE,FALSE,FALSE,FALSE,FALSE,FALSE,TRUE,FALSE,TRUE,FALSE,TRUE,FALSE,FALSE,FALSE,FALSE,FALSE,FALSE,FALSE,FALSE,FALSE,FALSE,FALSE,FALSE,FALSE,FALSE,FALSE,TRUE,TRUE,FALSE,2016-09-09,2016-09-09
UMI-tools,Python,10.1101/gr.209601.116,2017-01-18,https://github.com/CGATOxford/UMI-tools,This repository contains tools for dealing with Unique Molecular Identifiers (UMIs)/Random Molecular Tags (RMTs).,MIT,FALSE,FALSE,TRUE,TRUE,FALSE,FALSE,FALSE,FALSE,FALSE,FALSE,FALSE,FALSE,FALSE,FALSE,FALSE,FALSE,FALSE,FALSE,FALSE,FALSE,FALSE,FALSE,FALSE,FALSE,FALSE,FALSE,FALSE,FALSE,FALSE,FALSE,FALSE,FALSE,2016-09-12,2017-09-11
umis,Python,10.1038/nmeth.4220,2017-03-06,https://github.com/vals/umis,"umis provides tools for estimating expression in RNA-Seq data which performs sequencing of end tags of trancsript, and incorporate molecular tags to correct for amplification bias.",MIT,FALSE,FALSE,TRUE,TRUE,FALSE,FALSE,FALSE,FALSE,FALSE,FALSE,FALSE,FALSE,FALSE,FALSE,FALSE,FALSE,FALSE,FALSE,FALSE,FALSE,FALSE,FALSE,FALSE,FALSE,FALSE,FALSE,FALSE,FALSE,FALSE,FALSE,FALSE,FALSE,2016-09-12,2017-09-11
UNCURL,MATLAB/Python,10.1101/142398,PREPRINT,https://github.com/mukhes3/UNCURL_release,UNCURL is an unified framework for unsupervised / semi-supervised learning using Single Cell RNA-Seq data.,GPL-3,FALSE,FALSE,FALSE,FALSE,FALSE,FALSE,FALSE,FALSE,FALSE,TRUE,FALSE,TRUE,FALSE,FALSE,FALSE,FALSE,FALSE,FALSE,FALSE,TRUE,FALSE,FALSE,FALSE,FALSE,FALSE,FALSE,FALSE,FALSE,FALSE,TRUE,FALSE,FALSE,2017-06-26,2017-06-26
VDJPuzzle,Python/Shell,10.1101/181156,PREPRINT,https://bitbucket.org/kirbyvisp/vdjpuzzle2,TCR and BCR reconstruction from scRNA-seq data,Custom,FALSE,FALSE,FALSE,FALSE,FALSE,FALSE,FALSE,FALSE,FALSE,FALSE,FALSE,FALSE,FALSE,FALSE,FALSE,FALSE,FALSE,FALSE,FALSE,FALSE,FALSE,FALSE,FALSE,FALSE,FALSE,TRUE,FALSE,FALSE,FALSE,FALSE,FALSE,FALSE,2017-09-01,2017-09-09
WaveCrest,R,10.1186/s13059-016-1033-x,2016-08-17,https://github.com/lengning/WaveCrest,WaveCrest is a statistical approach to reconstruct gene expression trajectory in single cell RNA-seq experiments with ordered conditions.,Apache-2.0,FALSE,FALSE,FALSE,FALSE,FALSE,FALSE,FALSE,FALSE,FALSE,FALSE,FALSE,TRUE,FALSE,TRUE,TRUE,FALSE,FALSE,FALSE,FALSE,FALSE,FALSE,FALSE,FALSE,FALSE,FALSE,FALSE,FALSE,FALSE,FALSE,FALSE,TRUE,FALSE,2016-09-12,2016-09-12
Wishbone,Python,10.1038/nbt.3569,2016-05-02,https://github.com/ManuSetty/wishbone,Wishbone is an algorithm to align single cells from differentiation systems with bifurcating branches.,GPL-2,FALSE,FALSE,FALSE,FALSE,FALSE,FALSE,FALSE,FALSE,FALSE,FALSE,FALSE,TRUE,FALSE,FALSE,TRUE,FALSE,FALSE,FALSE,FALSE,FALSE,FALSE,FALSE,FALSE,FALSE,FALSE,FALSE,FALSE,FALSE,FALSE,TRUE,TRUE,FALSE,2016-09-09,2016-11-29
ZIFA,Python,10.1186/s13059-015-0805-z,2015-11-02,https://github.com/epierson9/ZIFA,Zero-inflated dimensionality reduction algorithm for single-cell data.,MIT,FALSE,FALSE,FALSE,FALSE,FALSE,FALSE,FALSE,FALSE,FALSE,FALSE,FALSE,FALSE,FALSE,FALSE,FALSE,FALSE,FALSE,FALSE,FALSE,TRUE,FALSE,FALSE,FALSE,FALSE,FALSE,FALSE,FALSE,FALSE,FALSE,FALSE,FALSE,FALSE,2016-12-22,2016-12-22
ZINB-WaVE,R,10.1101/125112,PREPRINT,https://github.com/drisso/zinbwave,Zero-inflated Negative Binomial based Wanted Variation Extraction (ZINB-WaVE),,FALSE,FALSE,FALSE,FALSE,FALSE,TRUE,FALSE,FALSE,FALSE,FALSE,FALSE,FALSE,FALSE,FALSE,FALSE,FALSE,FALSE,FALSE,FALSE,TRUE,FALSE,FALSE,FALSE,FALSE,FALSE,FALSE,FALSE,FALSE,FALSE,FALSE,FALSE,TRUE,2017-04-27,2017-07-03
zingeR,R,10.1101/157982,PREPRINT,https://github.com/statOmics/zingeR,zingeR: Zero-Inflated Negative binomial Gene Expression in R.,,FALSE,FALSE,FALSE,FALSE,FALSE,FALSE,FALSE,FALSE,FALSE,FALSE,FALSE,FALSE,TRUE,FALSE,FALSE,FALSE,FALSE,FALSE,FALSE,FALSE,FALSE,FALSE,FALSE,FALSE,FALSE,FALSE,FALSE,FALSE,FALSE,FALSE,FALSE,TRUE,2017-07-03,2017-07-03
zUMIs,Shell,10.1101/153940,PREPRINT,https://github.com/sdparekh/zUMIs,zUMIs is a fast and flexible pipeline to process RNA-seq data with UMIs,GPL-3,FALSE,TRUE,TRUE,TRUE,FALSE,FALSE,FALSE,FALSE,FALSE,FALSE,FALSE,FALSE,FALSE,FALSE,FALSE,FALSE,FALSE,FALSE,FALSE,FALSE,FALSE,FALSE,FALSE,FALSE,FALSE,FALSE,FALSE,FALSE,FALSE,TRUE,FALSE,FALSE,2017-06-30,2017-09-11