Tool	Type	Name
ACTINN	PyPI	actin
ACTINN	PyPI	action
ACTINN	PyPI	actions
ACTION	CRAN	FRACTION
ACTION	CRAN	auctionr
ACTION	PyPI	action
adobo	PyPI	ado
anchor	PyPI	anchor
ASAP	CRAN	ASMap
ASAP	PyPI	Aap
ASAP	PyPI	asa
ASAP	PyPI	asap
ASAP	PyPI	asap3
ASAP	PyPI	asaps
ASAP	PyPI	asarPy
ASAP	PyPI	asp
ASAP	PyPI	iasap
AutoImpute	PyPI	AutoSite
AutoImpute	PyPI	autoimp
AutoImpute	PyPI	autoimpute
AutoImpute	PyPI	autoit
AutoImpute	PyPI	automate
AutoImpute	PyPI	autoptim
AutoImpute	PyPI	autotime
BackSPIN	PyPI	Backtesting
badger	Bioc	BADER
badger	CRAN	badgecreatr
badger	CRAN	badger
BALDR	PyPI	baldr
BASIC	PyPI	Basic
BASIC	PyPI	Basic-NN
BASIC	PyPI	BasicBand
BASIC	PyPI	BasicDB
BASIC	PyPI	BasicHttp
BASIC	PyPI	BasicTree
BASIC	PyPI	BasicVFS
BASIC	PyPI	bas
BASIC	PyPI	basc
BASIC	PyPI	basic-api
BASIC	PyPI	basic-ml
BASIC	PyPI	basicCAS
BASIC	PyPI	basicCal
BASIC	PyPI	basicai
BASIC	PyPI	basicauth
BASIC	PyPI	basicdate
BASIC	PyPI	basiciw
BASIC	PyPI	basiclog
BASIC	PyPI	basico
BASIC	PyPI	basicprop
BASIC	PyPI	basicrpc
BASIC	PyPI	basics
BASIC	PyPI	basicsql
BASIC	PyPI	basicsums
BASIC	PyPI	basicweb
BASIC	PyPI	basil
BASIC	PyPI	basilica
BASIC	PyPI	basin
BASIC	PyPI	basiq
BASIC	PyPI	basis
BASIC	PyPI	basskick
BASIC	PyPI	j5basic
BASIC	PyPI	pcbasic
BASIC	PyPI	pybasic
BASIC	PyPI	tkBasic
BASIC	PyPI	zxbasic
BASiCS	CRAN	BASS
BASiCS	CRAN	BaySIC
BASiCS	CRAN	basicspace
BASiCS	CRAN	fBasics
BASiCS	CRAN	fmbasics
BASiCS	PyPI	basics
BasisVAE	PyPI	basis
BasisVAE	PyPI	bassa
batchelor	CRAN	batch
bcbio	PyPI	bcbio-gff
bcbio	PyPI	bcbiocov
BCseq	Bioc	bcSeq
BEELINE	PyPI	beeline
BEER	CRAN	beepr
BEER	CRAN	bender
BEER	CRAN	ber
BEER	CRAN	bezier
BEER	PyPI	beer
BERMUDA	PyPI	bermuda
bigSCale2	CRAN	biscale
BIRD	CRAN	BIRDS
BIRD	CRAN	bioRad
BIRD	CRAN	cbird
BIRD	PyPI	bird
BISCUIT	Bioc	biscuiteer
Bisque	Bioc	BiSeq
Bisque	CRAN	bisque
BraCeR	CRAN	bracer
BraCeR	PyPI	brace
BraCeR	PyPI	braces
BraCeR	PyPI	bracex
BraCeR	PyPI	bracketeer
BraCeR	PyPI	brackettree
BraCeR	PyPI	brancher
BraCeR	PyPI	racer
BranchedGP	PyPI	branched
BranchedGP	PyPI	brancher
BRAPeS	PyPI	braces
BRAPeS	PyPI	brap
BUSseq	Bioc	bsseq
BUSseq	Bioc	subSeq
bustools	PyPI	bustools
BZINB	CRAN	binb
CAPITAL	PyPI	Capitalism
CAPITAL	PyPI	capi
CAPITAL	PyPI	capital-gains
CAPITAL	PyPI	capitalize
CAPITAL	PyPI	capitalizr
CAPITAL	PyPI	capitals
CaSpER	Bioc	casper
CaSpER	CRAN	CAISEr
CaSpER	CRAN	cape
CaSpER	CRAN	caper
CaSpER	Conda	case
CaSTLe	CRAN	CAST
CaSTLe	CRAN	cate
CaSTLe	Conda	case
CaSTLe	PyPI	castle
CausalDAG	PyPI	causal
ccfindR	CRAN	findR
celda	CRAN	CepLDA
celda	CRAN	clda
CellMeSH	PyPI	CellMethy
CellMeSH	PyPI	celmech
CellO	PyPI	Cellulose
CellO	PyPI	cell
CellO	PyPI	cella
CellO	PyPI	cello
CellO	PyPI	cellocity
CellO	PyPI	cellpose
CellO	PyPI	cellsino
CellO	PyPI	celluloid
CellO	PyPI	cellx
CellO	PyPI	chellow
CellO	PyPI	cjhello
CellRanger	CRAN	cellranger
CellRanger	PyPI	cellare
CellRanger	PyPI	cellrank
CellRanger	PyPI	cellwrapper
cellSNP	PyPI	cell
cellSNP	PyPI	cellpy
cellSNP	PyPI	cellsino
CellView	CRAN	cellWise
CHETAH	Conda	cheetah
CIDR	CRAN	cir
CIDR	CRAN	idr
CIPR	CRAN	cir
CIPR	CRAN	clipr
CIPR	CRAN	cpr
CIPR	CRAN	ipr
Citrus	CRAN	citr
Citrus	PyPI	citrus
cluster_diffex	PyPI	clusterX
cluster_diffex	PyPI	clusterize
Clustergrammer2	PyPI	clustergrammer
Clustergrammer2	PyPI	clustergrammer-gl
Clustergrammer2	PyPI	clustergrammer-widget2
Clustergrammer2	PyPI	clustergrammer_glidget
Clustergrammer2	PyPI	clustergrammer_widget
Clustergrammer2	PyPI	clustermgr
ClusterMap	Bioc	clusterStab
ClusterMap	CRAN	ClusterR
ClusterMap	CRAN	clustDRM
ClusterMap	CRAN	clustRcompaR
ClusterMap	CRAN	cluster
ClusterMap	CRAN	clusterSim
ClusterMap	CRAN	clusterhap
ClusterMap	CRAN	clusterlab
ClusterMap	CRAN	clustermole
ClusterMap	CRAN	clustermq
ClusterMine	Bioc	clusterExperiment
ClusterMine	Bioc	clusterSeq
ClusterMine	CRAN	ClusterR
ClusterMine	CRAN	Clustering
ClusterMine	CRAN	clustDRM
ClusterMine	CRAN	cluster
ClusterMine	CRAN	clusterGenomics
ClusterMine	CRAN	clusterSEs
ClusterMine	CRAN	clusterSim
ClusterMine	CRAN	clustermole
ClusterMine	CRAN	clustermq
ClusterMine	CRAN	clusternomics
ClusterMine	CRAN	clusternor
ClusterMine	CRAN	clustertend
ClusterMine	CRAN	clustree
ClusterMine	CRAN	clustringr
clustermole	Bioc	clusterProfiler
clustermole	Bioc	clusterSeq
clustermole	CRAN	ClustGeo
clustermole	CRAN	Cluster.OBeu
clustermole	CRAN	ClusterR
clustermole	CRAN	clustDRM
clustermole	CRAN	cluster
clustermole	CRAN	clusterPower
clustermole	CRAN	clusterSEs
clustermole	CRAN	clusterSim
clustermole	CRAN	clusterfly
clustermole	CRAN	clusterlab
clustermole	CRAN	clustermq
clustermole	CRAN	clusternor
clustermole	CRAN	clustree
clustifyr	CRAN	cluster
clustifyr	CRAN	clusterfly
clustifyr	CRAN	clustrd
cNMF	PyPI	cmf
cNMF	PyPI	cnf
cNMF	PyPI	nmf
CoGAPs	Bioc	coGPS
CoGAPs	CRAN	coga
CoGAPs	CRAN	cops
COMET	Bioc	coMET
COMET	PyPI	Comet
COMET	PyPI	CometTS
COMET	PyPI	Comex
COMET	PyPI	cogment
COMET	PyPI	colmet
COMET	PyPI	com
COMET	PyPI	comdet
COMET	PyPI	comecut
COMET	PyPI	comet-ml
COMET	PyPI	cometblue
COMET	PyPI	comments
COMET	PyPI	compleat
COMET	PyPI	compset
COMET	PyPI	comt
COMET	PyPI	ezcomet
COMET	PyPI	nbcomet
COMET	PyPI	pycomet
CONCLUS	CRAN	CONCUR
CONCLUS	CRAN	CoClust
CONCLUS	CRAN	conclust
CONICS	CRAN	CONS
CONICS	CRAN	ComICS
CONICS	CRAN	RConics
CONICS	CRAN	conics
CONICS	PyPI	Coins
CONICS	PyPI	concise
CONICS	PyPI	conficus
CONICS	PyPI	cons
CONICS	PyPI	convis
Conos	Bioc	CHRONOS
Conos	CRAN	CONS
countClust	CRAN	countcolors
CSHMM	PyPI	csh
CSN	CRAN	csn
D3E	PyPI	d3
DC3	PyPI	dc
DCA	CRAN	DCA
DCA_R	Bioc	dcanr
ddSeeker	PyPI	seeker
DECENT	PyPI	decent
DECODE	Bioc	deco
DECODE	CRAN	DCODE
DECODE	CRAN	DECIDE
DECODE	CRAN	decode
DECODE	CRAN	decoder
DECODE	CRAN	rDecode
DECODE	PyPI	decode
DEEF	CRAN	devEMF
DeepImpute	PyPI	deepimpute
DeepImpute	PyPI	deeptime
DeepSort	PyPI	DeepRS
DeepSort	PyPI	DeepSR
DeepSort	PyPI	deepART
DeepSort	PyPI	deepasr
DeepSort	PyPI	deepbots
DeepSort	PyPI	deepcorrect
DeepSort	PyPI	deepest
DeepSort	PyPI	deepforest
DeepSort	PyPI	deepr
DeepSort	PyPI	deeps
DeepSort	PyPI	deepscratch
DeepSort	PyPI	deepsmorfnet
DeepSort	PyPI	deepstars
DeepSort	PyPI	deepsvr
DEGAS	PyPI	degas
DeLorean	PyPI	DeLorean
DeLorean	PyPI	Delorean
DEN	PyPI	Dent
DEN	PyPI	de
DEN	PyPI	deen
DEN	PyPI	den
DEN	PyPI	deng
DEN	PyPI	denim
DEN	PyPI	denis
DEN	PyPI	deno
DEN	PyPI	dento
DEN	PyPI	denv
DEN	PyPI	deon
DEN	PyPI	dgen
DEN	PyPI	dlen
DEN	PyPI	dzen
DEN	PyPI	oden
DENDRO	CRAN	DendSer
DENDRO	CRAN	DendroSync
DENDRO	CRAN	dendroTools
DENDRO	CRAN	dendrometeR
DENDRO	CRAN	dendsort
DENDRO	CRAN	denpro
DENDRO	CRAN	ggdendro
DENDRO	CRAN	mdendro
densityCut	CRAN	densityClust
densVis	PyPI	densli
DESC	CRAN	desc
DESCEND	CRAN	desc
Dhaka	PyPI	daka
DIEM	CRAN	DIME
DIEM	CRAN	idem
DISCO	CRAN	disco
DISCO	Conda	disco
DISCO	PyPI	Dico
DISCO	PyPI	Disco
DISCO	PyPI	DiscoNet
DISCO	PyPI	DiscoPlot
DISCO	PyPI	Discobot
DISCO	PyPI	DiscordDB
DISCO	PyPI	dicaso
DISCO	PyPI	dis
DISCO	PyPI	disc
DISCO	PyPI	disclose
DISCO	PyPI	discloud
DISCO	PyPI	disco
DISCO	PyPI	disco-dop
DISCO	PyPI	disco-py
DISCO	PyPI	disco-rl
DISCO	PyPI	discoIPC
DISCO	PyPI	discoball
DISCO	PyPI	discodash
DISCO	PyPI	discode
DISCO	PyPI	discodoc
DISCO	PyPI	discoecs
DISCO	PyPI	discogs
DISCO	PyPI	discogspy
DISCO	PyPI	discogui
DISCO	PyPI	discoin
DISCO	PyPI	discomll
DISCO	PyPI	discomp
DISCO	PyPI	discon
DISCO	PyPI	discopy
DISCO	PyPI	discord
DISCO	PyPI	discordo
DISCO	PyPI	discordpy
DISCO	PyPI	discordtr
DISCO	PyPI	discosnow
DISCO	PyPI	discospam
DISCO	PyPI	discosub
DISCO	PyPI	discotech
DISCO	PyPI	discount
DISCO	PyPI	discourse
DISCO	PyPI	discover
DISCO	PyPI	discovery
DISCO	PyPI	disko
DISCO	PyPI	modisco
DISCO	PyPI	pydisco
DISCO	PyPI	redisco
DistMap	CRAN	distcomp
DoubletDecon	CRAN	DoubleCone
DPre	PyPI	dgPre
DPre	PyPI	dparse
DPre	PyPI	dpr
DPre	PyPI	dprep
DPre	PyPI	pre
DPT	CRAN	Dpit
DRA	PyPI	Dora
DRA	PyPI	DrAdm
DRA	PyPI	JDRA
DRA	PyPI	dr
DRA	PyPI	draco
DRA	PyPI	drae
DRA	PyPI	draft
DRA	PyPI	dragn
DRA	PyPI	drago
DRA	PyPI	drain
DRA	PyPI	dram
DRA	PyPI	drand
DRA	PyPI	drapi
DRA	PyPI	drat
DRA	PyPI	draw
DRA	PyPI	drawk
DRA	PyPI	drawm
DRA	PyPI	drax
DRA	PyPI	drsa
dragonsc	CRAN	dragon
DrImpute	Bioc	impute
DrivAER	PyPI	deriver
DrivAER	PyPI	diver
DrivAER	PyPI	drivar
DrivAER	PyPI	drive
DrivAER	PyPI	drivel
DrivAER	PyPI	driven
DrivAER	PyPI	driver
DrivAER	PyPI	driverlog
DrivAER	PyPI	river
dropEst	CRAN	ROptEst
dropEst	CRAN	droptest
DrSeq2	PyPI	dreq
DTWScore	CRAN	dscore
Dune	CRAN	DnE
DUSC	PyPI	dsc
DUSC	PyPI	dsuc
DUSC	PyPI	duc
Dynamo	CRAN	dynamo
Dynamo	PyPI	Dymo
Dynamo	PyPI	DynaMIT
Dynamo	PyPI	DynamicForm
Dynamo	PyPI	DynamicPool
Dynamo	PyPI	DynamodbFdw
Dynamo	PyPI	dynamallow
Dynamo	PyPI	dynamet
Dynamo	PyPI	dynamic
Dynamo	PyPI	dynamictop
Dynamo	PyPI	dynamix
Dynamo	PyPI	dynamo
Dynamo	PyPI	dynamo-fuse
Dynamo	PyPI	dynamo-json
Dynamo	PyPI	dynamo-mypy
Dynamo	PyPI	dynamo-py
Dynamo	PyPI	dynamo-size
Dynamo	PyPI	dynamo3
Dynamo	PyPI	dynamo_lock
Dynamo	PyPI	dynamodb
Dynamo	PyPI	dynamodb-ce
Dynamo	PyPI	dynamodbgeo
Dynamo	PyPI	dynamodict
Dynamo	PyPI	dynamof
Dynamo	PyPI	dynamolock
Dynamo	PyPI	dynamon
Dynamo	PyPI	dynamongo
Dynamo	PyPI	dynamoq
Dynamo	PyPI	dynamoquery
Dynamo	PyPI	dynamorm
Dynamo	PyPI	dynampy
Dynamo	PyPI	dynasor
Dynamo	PyPI	dyno
elasticC3	Conda	elasticsearch
ELSA	PyPI	ela
ELSA	PyPI	elas
ELSA	PyPI	elisa
ELSA	PyPI	elsa
ELSA	PyPI	elsapy
ELSA	PyPI	esa
ELSA	PyPI	lsa
embeddr	CRAN	embed
embeddr	CRAN	vembedr
ENHANCE	PyPI	enhac
ENHANCE	PyPI	enhance
ENHANCE	PyPI	enhanced-adb
ENHANCE	PyPI	enhancedyaml
ENHANCE	PyPI	enhancements
ENHANCE	PyPI	enhanceml
ENHANCE	PyPI	enhancesa
EnImpute	Bioc	impute
EnImpute	CRAN	eimpute
EnsembleKQC	PyPI	ensembl
EnsembleKQC	PyPI	ensemble
EnsembleKQC	PyPI	ensemble-pkg
EnsembleKQC	PyPI	ensembler
EnsembleKQC	PyPI	ensembles
FiRE	PyPI	FireEye
FiRE	PyPI	ffire
FiRE	PyPI	fibre
FiRE	PyPI	fir
FiRE	PyPI	fire
FiRE	PyPI	fireTS
FiRE	PyPI	fireant
FiRE	PyPI	firecat
FiRE	PyPI	firectl
FiRE	PyPI	firedb
FiRE	PyPI	firedj
FiRE	PyPI	firefed
FiRE	PyPI	firefly
FiRE	PyPI	firelab
FiRE	PyPI	firelet
FiRE	PyPI	fireml
FiRE	PyPI	firemon
FiRE	PyPI	fireo
FiRE	PyPI	fireorm
FiRE	PyPI	firepy
FiRE	PyPI	firetv
FiRE	PyPI	fireup
FiRE	PyPI	fre
fishpond	CRAN	fishMod
FLOWMAPR	Bioc	flowMap
FLOWMAPR	CRAN	FlowCAr
FLOWMAPR	CRAN	flowr
FORKS	PyPI	fork
FORKS	PyPI	forki
FRmatch	Bioc	frma
FRmatch	CRAN	rematch
Garnett	PyPI	garnett
GenePattern	PyPI	genepattern-notebook
GenePattern	PyPI	generate
GenePattern	PyPI	generatr
genesorteR	CRAN	GenEst
genesorteR	CRAN	generator
GeneSwitches	Bioc	GENESIS
GiniClust	PyPI	Ginzicut
GiniClust	PyPI	giniclust3
GPfates	PyPI	Gates
Granatum	PyPI	Granatum
GrandPrix	PyPI	grand
GraphEmbed	PyPI	graphdb
GraphEmbed	PyPI	grapheekdb
GraphEmbed	PyPI	grapheme
GraphEmbed	PyPI	graphene
GraphSCI	PyPI	graph
GraphSCI	PyPI	graph-cli
GraphSCI	PyPI	graphchain
GraphSCI	PyPI	graphi
GraphSCI	PyPI	graphic
GraphSCI	PyPI	graphics
GraphSCI	PyPI	graphics.py
GraphSCI	PyPI	graphid
GraphSCI	PyPI	graphio
GraphSCI	PyPI	graphios
GraphSCI	PyPI	graphish
GraphSCI	PyPI	graphit
GraphSCI	PyPI	graphs
GraphSCI	PyPI	graphscii
GraphSCI	PyPI	graphsim
GraphSCI	PyPI	graphstack
GraphSCI	PyPI	graphysio
GraphSCI	PyPI	grapi
GRM	CRAN	GJRM
GRM	CRAN	GWRM
GRM	CRAN	gRim
GRM	PyPI	grm
GRNUlar	PyPI	granula
Harmony	Bioc	Harman
Harmony	PyPI	Harmony
HieRFIT	Bioc	hierinf
HieRFIT	CRAN	hierfstat
HIPPO	CRAN	hiPOD
HoneyBADGER	PyPI	honeybadger
Hopper	PyPI	chopper
Hopper	PyPI	hope
Hopper	PyPI	hoper
Hopper	PyPI	hopper-api
Hopper	PyPI	opper
Hotspot	PyPI	botspot
Hotspot	PyPI	hostport
Hotspot	PyPI	hotot
Hotspot	PyPI	hotpot
Hotspot	PyPI	hotspot
Hotspot	PyPI	hotspotd
Hotspot	PyPI	hotspots
Hotspot	PyPI	hutspot
HPL	PyPI	hp
HPL	PyPI	hplda
hscScore	PyPI	scs_core
hypercluster	PyPI	hydrocluster
hypercluster	PyPI	hypercube
hypercluster	PyPI	hyperlite
hypercluster	PyPI	hypertuner
I-Impute	Bioc	impute
iasva	CRAN	isva
iDEA	Bioc	ideal
iDEA	CRAN	IDE
iDEA	CRAN	ideamdb
ImmClassifier	CRAN	OptimClassifier
ImmClassifier	PyPI	hmm-classifier
ImmClassifier	PyPI	imdbclassifier
ImSpectR	CRAN	inspectr
indeXplorer	CRAN	exploreR
inferCNV	CRAN	infer
inferCNV	CRAN	inference
INSCT	PyPI	inspect2
INSCT	PyPI	inspecta
INSCT	PyPI	inspectr
INSCT	PyPI	insta
iS-CellR	CRAN	iCellR
iscandar	PyPI	iscan
iscandar	PyPI	iscard
iSEE	CRAN	see
ISOP	CRAN	Iso
ISOP	CRAN	isopam
ISOP	CRAN	isopat
ISOP	CRAN	isoph
iTALK	CRAN	italy
ItClust	PyPI	bitclust
ItClust	PyPI	clust
ItClust	PyPI	ttclust
ivis	CRAN	IIS
ivis	CRAN	civis
KPNN	CRAN	pnn
KPNN	PyPI	KNN
LAmbDA	PyPI	LambdaData
LAmbDA	PyPI	LambdaGuard
LAmbDA	PyPI	LambdaPage
LAmbDA	PyPI	LambdaTool
LAmbDA	PyPI	LambdaX
LAmbDA	PyPI	PLambda
LAmbDA	PyPI	blambda
LAmbDA	PyPI	lama
LAmbDA	PyPI	lamb
LAmbDA	PyPI	lambada
LAmbDA	PyPI	lambdAWS
LAmbDA	PyPI	lambda
LAmbDA	PyPI	lambda-cron
LAmbDA	PyPI	lambda-git
LAmbDA	PyPI	lambda2
LAmbDA	PyPI	lambdaJSON
LAmbDA	PyPI	lambdabase
LAmbDA	PyPI	lambdabuild
LAmbDA	PyPI	lambdachain
LAmbDA	PyPI	lambdaconda
LAmbDA	PyPI	lambdacore
LAmbDA	PyPI	lambdagram
LAmbDA	PyPI	lambdaguard
LAmbDA	PyPI	lambdahub
LAmbDA	PyPI	lambdantic
LAmbDA	PyPI	lambdapi
LAmbDA	PyPI	lambdapy
LAmbDA	PyPI	lambdaquery
LAmbDA	PyPI	lambdarest
LAmbDA	PyPI	lambdas
LAmbDA	PyPI	lambdasim
LAmbDA	PyPI	lambdaskill
LAmbDA	PyPI	lambdata
LAmbDA	PyPI	lambdautils
LAmbDA	PyPI	lambdazen
LAmbDA	PyPI	lambder
LAmbDA	PyPI	lambdev
LAmbDA	PyPI	lambdex
LAmbDA	PyPI	lambida
LAmbDA	PyPI	lamuda
LAmbDA	PyPI	pylambda
LAmbDA	PyPI	tclambda
LandSCENT	CRAN	landest
LandSCENT	CRAN	landsat
LandSCENT	Conda	lancet
LATE	PyPI	LaTeXPy
LATE	PyPI	Later
LATE	PyPI	Plate
LATE	PyPI	ate
LATE	PyPI	later
LATE	PyPI	lateral
LATE	PyPI	latest
LATE	PyPI	latex
LATE	PyPI	latext
LATE	PyPI	lathe
LATE	PyPI	latte
LATE	PyPI	slate
LEAP	Bioc	LEA
LEAP	PyPI	leap
LIGER	CRAN	liger
M3S	CRAN	M3
MAGIC	CRAN	R1magic
MAGIC	CRAN	Rmagic
MAGIC	CRAN	maGUI
MAGIC	CRAN	magic
MAGIC	CRAN	magicLamp
MAGIC	CRAN	magicaxis
MAGIC	CRAN	magicfor
MAGIC	CRAN	magick
MAGIC	CRAN	magickGUI
MAGIC	Conda	r-magic
MAGIC	PyPI	Fmagic
MAGIC	PyPI	MagiSlack
MAGIC	PyPI	MagicBus
MAGIC	PyPI	MagicCNKI
MAGIC	PyPI	MagicStat
MAGIC	PyPI	MagickPy
MAGIC	PyPI	Magics
MAGIC	PyPI	agic
MAGIC	PyPI	bmagick
MAGIC	PyPI	bpmagic
MAGIC	PyPI	hymagic
MAGIC	PyPI	irmagic
MAGIC	PyPI	mag
MAGIC	PyPI	magi
MAGIC	PyPI	magic
MAGIC	PyPI	magic-box
MAGIC	PyPI	magic-xxl
MAGIC	PyPI	magical
MAGIC	PyPI	magicattr
MAGIC	PyPI	magicblue
MAGIC	PyPI	magicbox
MAGIC	PyPI	magicdate
MAGIC	PyPI	magicdice
MAGIC	PyPI	magicdict
MAGIC	PyPI	magicdir
MAGIC	PyPI	magicfile
MAGIC	PyPI	magicgoto
MAGIC	PyPI	magichttp
MAGIC	PyPI	magician
MAGIC	PyPI	magicio
MAGIC	PyPI	magick
MAGIC	PyPI	magiclog
MAGIC	PyPI	magicmock
MAGIC	PyPI	magicpy
MAGIC	PyPI	magicreq
MAGIC	PyPI	magicrf
MAGIC	PyPI	magicstr
MAGIC	PyPI	magicsync
MAGIC	PyPI	magictree
MAGIC	PyPI	magicword
MAGIC	PyPI	magik
MAGIC	PyPI	magnetic
MAGIC	PyPI	magni
MAGIC	PyPI	magwitch
MAGIC	PyPI	maic
MAGIC	PyPI	pymagic
MARS	PyPI	ARS
MARS	PyPI	MARDS
MARS	PyPI	MRS
MARS	PyPI	Margos
MARS	PyPI	Mars24
MARS	PyPI	macros
MARS	PyPI	mar
MARS	PyPI	marcus
MARS	PyPI	marius
MARS	PyPI	markos
MARS	PyPI	markus
MARS	PyPI	mars
MARS	PyPI	marsha
MARS	PyPI	marsi
MARS	PyPI	marso
MARS	PyPI	marspy
MARS	PyPI	marsyas
MARS	PyPI	marths
MARS	PyPI	marxs
MARS	PyPI	mattrs
MAST	CRAN	AST
MAST	CRAN	MAT
MAST	CRAN	MST
MAST	CRAN	mastif
MAST	PyPI	MAST
MATCHER	PyPI	Batcher
MATCHER	PyPI	Match-Maker
MATCHER	PyPI	catcher
MATCHER	PyPI	hatcher
MATCHER	PyPI	matcensor
MATCHER	PyPI	match
MATCHER	PyPI	matcha
MATCHER	PyPI	matchenc
MATCHER	PyPI	matcher
MATCHER	PyPI	matchers
MATCHER	PyPI	matches
MATCHER	PyPI	matchete
MATCHER	PyPI	matchmaker
MATCHER	PyPI	matchtube
MATCHER	PyPI	mathhero
MATCHER	PyPI	mathter
MATCHER	PyPI	patcher
MATCHER	PyPI	pnmatcher
MATCHER	PyPI	unmatcher
MATCHER	PyPI	watcher
mcap	CRAN	MAP
mcap	CRAN	cap
mcap	CRAN	mcp
MEDALT	Bioc	MEAL
MEDALT	Bioc	MEAT
MEDALT	PyPI	meal
MEDALT	PyPI	meat
MEDALT	PyPI	medcat
MEDALT	PyPI	medikalnet
MEDALT	PyPI	melt
MELD	Conda	meld3
MERLoT	CRAN	merTools
MERLoT	PyPI	Merlot
MERLoT	PyPI	melo
MERLoT	PyPI	melt
MERLoT	PyPI	merlion
MetaCell	CRAN	MetABEL
MetaCell	CRAN	MetaClean
MetaCell	CRAN	MetaCycle
MFA	CRAN	MF
MFA	CRAN	MFAg
MFA	CRAN	MRFA
MFA	CRAN	mefa
MFA	PyPI	mfa
MIMOSCA	PyPI	mimo
mnnpy	PyPI	MNN
mnnpy	PyPI	nnpy
MOFA	PyPI	mfa
MOFA	PyPI	moa
MOFA	PyPI	mofa
MOFA	PyPI	mofapy2
MOFA	PyPI	mofashi
MOFA2	Bioc	MOFA
MOFA2	PyPI	mofa
MOFA2	PyPI	mofang23
Monet	PyPI	Monte
Monet	PyPI	mnet
Monet	PyPI	mobnet
Monet	PyPI	mod-net
Monet	PyPI	modnet
Monet	PyPI	moment
Monet	PyPI	moneta
Monet	PyPI	monetary
Monet	PyPI	monetdbe
Monet	PyPI	money
Monet	PyPI	mongoext
Monet	PyPI	monit
Monet	PyPI	month
Monet	PyPI	montre
Monet	PyPI	monty
Monet	PyPI	mossnet
Monet	PyPI	pymonet
Monocle	PyPI	monocle
Mpath	CRAN	glmpath
Mpath	CRAN	mpa
Mpath	CRAN	mpath
Mpath	CRAN	svmpath
Mpath	Conda	mpmath
Mpath	Conda	path
mpCMF	Conda	mpc
mpCMF	PyPI	mpc
muscat	CRAN	musica
MuSiC	CRAN	MUS
MuSiC	CRAN	music
MuSiC	CRAN	musicNMR
MuSiC	CRAN	musica
MuSiC	PyPI	music
MUSIC	CRAN	MUS
MUSIC	CRAN	music
MUSIC	CRAN	musicNMR
MUSIC	CRAN	musica
MUSIC	PyPI	music
NaiveDE	PyPI	naive
NaiveDE	PyPI	naivepdf
NanoPARE	CRAN	nanop
NanoPARE	PyPI	nanocompore
NanoPARE	PyPI	nanoprobe
NanoPARE	PyPI	nanovar
netNMF-sc	PyPI	netns
NetworkInference	CRAN	NetworkInference
NIFA	CRAN	ifa
nimfa	CRAN	nima
northstar	PyPI	norta
northstar	PyPI	north
ODEGRfinder	Bioc	derfinder
ODEGRfinder	CRAN	deGradInfer
OnClass	PyPI	class
OnClass	PyPI	olass
OnlinePCA	CRAN	onlinePCA
Palantir	PyPI	palantiri
ParaDPMM	Conda	param
PBA	PyPI	Pbar
PBA	PyPI	pb
PBA	PyPI	pba
PBA	PyPI	pbars
PBA	PyPI	pbas
PBA	PyPI	pbay
PBA	PyPI	pbga
PBLR	Conda	pbr
pCMF	CRAN	CMF
pCreode	Conda	pcre
peco	CRAN	eco
peco	CRAN	pco
peco	CRAN	pec
PhenoPath	CRAN	pheno
PhenoPath	CRAN	phenomap
PIMseq	Conda	pims
PIVOT	CRAN	PivotalR
PIVOT	CRAN	pivot
PIVOT	PyPI	pivot
PoissonUMIs	CRAN	PoissonSeq
PoissonUMIs	CRAN	poisson
PoissonUMIs	CRAN	poissonMT
polyApipe	CRAN	polyaAeppli
polyApipe	PyPI	polyai
polyApipe	PyPI	polyair
polyApipe	PyPI	polyapi
polyApipe	PyPI	polypie
polyApipe	PyPI	polypipe
Pre-Phaser	PyPI	PyReshaper
Pre-Phaser	PyPI	parephase
PROSSTT	PyPI	POSST
PROSSTT	PyPI	pros
PROSSTT	PyPI	prosrs
PROSSTT	PyPI	prost
PROSSTT	PyPI	prosto
protaccel	PyPI	protecc
pseudogp	CRAN	pseudo
PyMINEr	PyPI	PyMI
PyMINEr	PyPI	PyMICE
PyMINEr	PyPI	PyMind
PyMINEr	PyPI	PyMines
PyMINEr	PyPI	Pyliner
PyMINEr	PyPI	miner
PyMINEr	PyPI	pycgminer
PyMINEr	PyPI	pycmdliner
PyMINEr	PyPI	pyinter
PyMINEr	PyPI	pymachinery
PyMINEr	PyPI	pymailer
PyMINEr	PyPI	pymailgunner
PyMINEr	PyPI	pymander
PyMINEr	PyPI	pymer
PyMINEr	PyPI	pymilter
PyMINEr	PyPI	pymime
PyMINEr	PyPI	pyminc
PyMINEr	PyPI	pyminder
PyMINEr	PyPI	pymine
PyMINEr	PyPI	pyminecraft
PyMINEr	PyPI	pyminifier
PyMINEr	PyPI	pymir3
PyMINEr	PyPI	pymirna
PyMINEr	PyPI	pymite
PyMINEr	PyPI	pymitter
PyMINEr	PyPI	pysmine
pyNVR	PyPI	PyNVT
pyNVR	PyPI	PyNrk
pyNVR	PyPI	pyn
pyNVR	PyPI	pynav
pyNVR	PyPI	pyndv
pyNVR	PyPI	pynmr
pyNVR	PyPI	pynpr
pyNVR	PyPI	pynrc
pyNVR	PyPI	pynv
pyNVR	PyPI	pynverse
pyNVR	PyPI	pynvi
pyNVR	PyPI	pynvm
pyNVR	PyPI	pynvr
pyNVR	PyPI	pynvrtc
pyNVR	PyPI	pynvx
pyNVR	PyPI	pysnver
pyNVR	PyPI	pyvr
quasildr	PyPI	quail
quasildr	PyPI	quasi
Randomly	PyPI	rando
Randomly	PyPI	random-plus
Randomly	PyPI	random2
Randomly	PyPI	randomUtil
Randomly	PyPI	random_cli
Randomly	PyPI	randomaya
Randomly	PyPI	randomcolor
Randomly	PyPI	randomfield
Randomly	PyPI	randomlogo
Randomly	PyPI	randomlyric
Randomly	PyPI	randompy
Randomly	PyPI	randomsleep
Randomly	PyPI	randomtable
Randomly	PyPI	randomtools
Randomly	PyPI	randomwalk
Randomly	PyPI	randy
RCA	Bioc	RCAS
RCA	Bioc	RTCA
RCA	Bioc	Rcade
RCA	CRAN	RCA
RCA	CRAN	RCAL
RCA	CRAN	RCALI
RCA	CRAN	RCarb
RCA	CRAN	RECA
RCA	CRAN	Rcan
RCA	CRAN	Rdca
RCA	CRAN	orca
RCA	CRAN	rCAT
RCA	CRAN	rCBA
RCA	CRAN	rCMA
RCA	CRAN	rSCA
RCA	CRAN	rcane
RCA	CRAN	rpca
RCA	CRAN	urca
RCA	PyPI	rca
rCASC	Bioc	RCAS
rCASC	CRAN	RCA
reCAT	CRAN	REAT
reCAT	CRAN	RECA
reCAT	CRAN	rCAT
reCAT	CRAN	reactR
reCAT	PyPI	recat
rpca	Bioc	RPA
RSCORE	CRAN	rscorecard
RSCORE	CRAN	score
SAFE	Bioc	safe
SAFE	CRAN	sae
SAFE	CRAN	safer
SAFE	PyPI	Safe
SAIC	CRAN	sAIC
SAIC	CRAN	sac
sake	CRAN	Ake
sake	CRAN	sae
sake	CRAN	sankey
sake	PyPI	sake
salmon	PyPI	salmon
SAM	PyPI	SDAM
SAM	PyPI	jsam
SAM	PyPI	s3am
SAM	PyPI	sa
SAM	PyPI	sadm
SAM	PyPI	sam
SAM	PyPI	same
SAM	PyPI	saml
SAM	PyPI	sammi
SAM	PyPI	sammy
SAM	PyPI	sampy
SAM	PyPI	samsa
SAM	PyPI	samur
SAM	PyPI	sasm
SAM	PyPI	seam
SAM	PyPI	sham
SAM	PyPI	siam
SAM	PyPI	slam
SAM	PyPI	spam
SAM	PyPI	ssam
SAM	PyPI	tsam
SAUCIE	PyPI	sauce
SAVER	Bioc	savR
SAVER-X	CRAN	SAVE
SAVER-X	CRAN	SAVER
SAVER-X	PyPI	save
SC2P	Conda	scp
SC3	PyPI	sc3
scACE	CRAN	Scale
scACE	CRAN	scape
scAEspy	Conda	saspy
scAEspy	Conda	scapy
scAEspy	PyPI	saspy
scAEspy	PyPI	scalepy
scAEspy	PyPI	scales.py
scAEspy	PyPI	scapy
scAEspy	PyPI	scrapesy
scAI	CRAN	SCI
SCALE	Bioc	Scale4C
SCALE	CRAN	Scale
SCALE	CRAN	Scalelink
SCALE	CRAN	bdscale
SCALE	CRAN	biscale
SCALE	CRAN	rrscale
SCALE	CRAN	scaleboot
SCALE	CRAN	scales
SCALE	CRAN	scalpel
SCALE	CRAN	scalreg
SCALE	CRAN	scape
SCALE	PyPI	scale
scAlign	CRAN	Scalelink
scAlign	PyPI	Scal
scAlign	PyPI	align
scAlign	PyPI	cialign
scAlign	PyPI	kcalign
scAlign	PyPI	msalign
scAlign	PyPI	scaling
scAlign	PyPI	swalign
Scanpy	Conda	scapy
Scanpy	Conda	scrapy
scAPA	CRAN	sapa
scAPA	CRAN	scape
scAPA	Conda	scapy
Scater	CRAN	SCAT
Scater	CRAN	scar
Scater	CRAN	scatr
Scater	CRAN	scatterD3
Scater	CRAN	scattermore
Scater	CRAN	scatterpie
SCATS	PyPI	cats
SCATS	PyPI	sca
SCATS	PyPI	scaks
SCATS	PyPI	scans
SCATS	PyPI	scantask
SCATS	PyPI	scat
SCATS	PyPI	scats
scBatch	CRAN	catch
SCC	CRAN	SCCI
SCC	CRAN	SCCS
SCC	CRAN	sccr
SCC	CRAN	vscc
SCCAF	PyPI	scc
scCLUE	CRAN	scclust
scClustBench	CRAN	scclust
scclusteval	CRAN	scclust
scClustViz	CRAN	scclust
scDataviz	CRAN	DataViz
scDD	CRAN	SDD
SCDE	CRAN	cde
SCDE	CRAN	sde
scDesign	CRAN	gsDesign
scDesign	CRAN	osDesign
scDesign	CRAN	swCRTdesign
scDGN	PyPI	scd
scDGN	PyPI	scdn
scDGN	PyPI	scdnn
scdney	Bioc	scde
scds	CRAN	cds
scds	CRAN	scPDSI
scds	CRAN	scs
SCell	PyPI	scell
SCENT	PyPI	scent
scGAN	PyPI	scan
scGAN	PyPI	scgen
SCHiRM	PyPI	scim
SCHiRM	PyPI	scir
SCHiRM	PyPI	scrim
scHPF	PyPI	sch
scIB	PyPI	SCRIdb
scIB	PyPI	SClib
scIB	PyPI	cib
scIB	PyPI	scb
scIB	PyPI	scclib
scIB	PyPI	sci
scIB	PyPI	scibag
scIB	PyPI	scibeam
scIB	PyPI	sciblox
scIB	PyPI	scibook
scIB	PyPI	scibot
scIB	PyPI	scihub
scIB	PyPI	scilib
scIB	PyPI	scitbx
scIB	PyPI	scriba
scIB	PyPI	scribe
scIB	PyPI	sib
scID	Bioc	scfind
scID	CRAN	SCI
scID	CRAN	SID
scID	CRAN	scidb
scID	PyPI	scid
scIGANs	CRAN	signs
scIGANs	PyPI	scans
scIGANs	PyPI	signs
SCIM	PyPI	CIM
SCIM	PyPI	SCM
SCIM	PyPI	ascim
SCIM	PyPI	sc_tim
SCIM	PyPI	sci
SCIM	PyPI	sciMove
SCIM	PyPI	scigym
SCIM	PyPI	scim
SCIM	PyPI	scimap
SCIM	PyPI	scimath
SCIM	PyPI	scimes
SCIM	PyPI	scimple
SCIM	PyPI	scimpy
SCIM	PyPI	scinum
SCIM	PyPI	scrim
SCIM	PyPI	sim
SCIMITAR	PyPI	Scimitar
scImpute	Bioc	impute
scipr	Conda	scipy
scipr	PyPI	cipr
scipr	PyPI	sci
scipr	PyPI	scipp
scipr	PyPI	sciproc
scipr	PyPI	scipy
scipr	PyPI	scir
scipr	PyPI	scirpy
scirpy	Conda	scipy
scirpy	Conda	scrapy
scirpy	PyPI	CIRpy
scirpy	PyPI	SCRY
scirpy	PyPI	Scrapy
scirpy	PyPI	Scripy
scirpy	PyPI	scimpy
scirpy	PyPI	scipy
scirpy	PyPI	scir
scirpy	PyPI	scpy
scirpy	PyPI	scripty
scirpy	PyPI	scrp
scIVA	CRAN	SCI
scIVA	CRAN	SCINA
scIVA	CRAN	SCVA
scmap	CRAN	SCMA
scmap	CRAN	scMappR
scmap	CRAN	scmamp
scmap	Conda	scramp
scMappR	Bioc	cmapR
scMappR	Bioc	scmap
scMappR	CRAN	SCMA
scMappR	CRAN	scmamp
scMappR	CRAN	smapr
SCMarker	CRAN	schumaker
scMatch	PyPI	ScheMatch
scMatch	PyPI	catch
scMatch	PyPI	csvmatch
scMatch	PyPI	scimath
scMatch	PyPI	scratch
scMatch	PyPI	sematch
scMatch	PyPI	smatch
scMatch	PyPI	smath
scMatch	PyPI	wcmatch
scMCA	Bioc	scmap
scMCA	CRAN	SCMA
SCmut	CRAN	SMUT
SCNorm	CRAN	SCOR
SCNorm	CRAN	cNORM
SCNorm	CRAN	discnorm
SCNorm	CRAN	scrm
SCNS	Conda	scons
SCODE	Bioc	SCOPE
SCODE	Bioc	scde
SCODE	Bioc	scone
SCODE	CRAN	cOde
SCODE	CRAN	score
scone	CRAN	score
scone	Conda	scons
SCope	PyPI	ScopeSim
SCope	PyPI	ascope
SCope	PyPI	niscope
SCope	PyPI	pyscope
SCope	PyPI	scOpen
SCope	PyPI	scScope
SCope	PyPI	sco
SCope	PyPI	scolp
SCope	PyPI	scoop
SCope	PyPI	scope
SCope	PyPI	scopectx
SCope	PyPI	scoped
SCope	PyPI	scopedlog
SCope	PyPI	scopelets
SCope	PyPI	scopelist
SCope	PyPI	scopes
SCope	PyPI	scopes-py
SCope	PyPI	scopetest
SCope	PyPI	scopeton
SCope	PyPI	scopy
SCope	PyPI	score
SCope	PyPI	scorep
SCope	PyPI	sscopes
SCOUT	CRAN	scout
SCOUT	PyPI	Scoot
SCOUT	PyPI	pyscout
SCOUT	PyPI	sco
SCOUT	PyPI	scot
SCOUT	PyPI	scott
SCOUT	PyPI	scour
SCOUT	PyPI	scout
SCOUT	PyPI	scout-apm
SCOUT	PyPI	scout.py
SCOUT	PyPI	scout_api
SCOUT	PyPI	scouter
SCOUT	PyPI	scouts
SCOUT	PyPI	scut
SCOUT	PyPI	spcount
SCPattern	Bioc	scater
SCPattern	Bioc	seqPattern
SCPattern	Conda	pattern
scPCA	CRAN	cpca
scPCA	Conda	scp
scPhere	PyPI	isphere
scPhere	PyPI	sphere
scPhere	PyPI	spheres
scPlot	Conda	splot
scPlot	PyPI	cplot
scPlot	PyPI	sciplot
scPlot	PyPI	sciplotpy
scPlot	PyPI	scipyplot
scPlot	PyPI	scolp
scPlot	PyPI	scot
scPlot	PyPI	splot
scPower	CRAN	PoweR
scPower	CRAN	scoper
scprep	PyPI	scorep
SCRABBLE	PyPI	scrabble
scran	CRAN	scan
SCRAT	Bioc	scran
SCRAT	CRAN	SCAT
SCRAT	CRAN	SCRT
Scribe	CRAN	scrime
Scribe	PyPI	SCRIdb
Scribe	PyPI	scribe
Scribe	PyPI	scrinet
Scribe	PyPI	scrybe
scRMD	CRAN	scrm
scRNA	PyPI	sacrina
scRNA	PyPI	scram
scRNA	PyPI	scrap
scRutiNy	PyPI	Scrutiny
scry	CRAN	scrypt
scry	Conda	scrapy
SCSA	PyPI	SCSA
SCSA	PyPI	sca
SCSA	PyPI	scs
SCSA	PyPI	scsapi
SCSA	PyPI	ssa
scSDAE	PyPI	SCSA
scSeqR	Bioc	scsR
scsim	PyPI	scim
scsim	PyPI	scs
scsim	PyPI	scsm
scsim	PyPI	specsim
scsim	PyPI	ssim
scSVA	CRAN	SCVA
scSVA	CRAN	scs
scTIM	PyPI	scim
scTIM	PyPI	sct
scTSSR	Bioc	scsR
SCUBA	CRAN	scuba
SCUBA	PyPI	scuba
scumi	PyPI	scum
scVAE	PyPI	cvae
scVAE	PyPI	scv
scVAE	PyPI	scvae
scvis	PyPI	scelvis
scvis	PyPI	scv
scvis	PyPI	scv-dist
scvis	PyPI	scvi
SEGtool	Bioc	SEtools
SEGtool	CRAN	MSEtool
SEPA	CRAN	SEA
SEPA	PyPI	sepa
SERGIO	PyPI	segyio
SERGIO	PyPI	sergio
SHARP	CRAN	SSHAARP
SHARP	CRAN	SharpeR
SHARP	CRAN	ksharp
SHARP	CRAN	shape
SHARP	CRAN	shapeR
SHARP	CRAN	shar
SHARP	CRAN	sharpData
SHARP	CRAN	sharpr2
SHARP	CRAN	sharx
SHARP	PyPI	sharp
Sharq	CRAN	shar
Sharq	CRAN	sharx
Sharq	PyPI	SharQ
Sharq	PyPI	sharc
Sharq	PyPI	share
Sharq	PyPI	sharedql
Sharq	PyPI	shark
Sharq	PyPI	sharo
Sharq	PyPI	sharp
Sierra	CRAN	SiER
SigEMD	Bioc	SIMD
SigEMD	CRAN	simEd
signac	CRAN	SIGN
signac	CRAN	Signac
signac	CRAN	signal
signac	PyPI	signac
SimiC	PyPI	Simis
SimiC	PyPI	sim
SimiC	PyPI	simcli
SimiC	PyPI	simcx
SimiC	PyPI	simdict
SimiC	PyPI	simi
SimiC	PyPI	simil
SimiC	PyPI	simiotics
SimiC	PyPI	sismic
SIMLR	CRAN	SimilaR
SIMLR	CRAN	simml
SIMLR	CRAN	simmr
SIMLR	CRAN	simr
SIMLR	CRAN	simrel
SIMLR	CRAN	simsl
SIMPLEs	CRAN	SimPhe
SIMPLEs	CRAN	simpleSetup
SIMPLEs	CRAN	simplecolors
SIMPLEs	CRAN	simplevis
SIMPLEs	CRAN	simplexdesign
SIMPLEs	Conda	simplejson
simspec	CRAN	SimSeq
simspec	CRAN	simsem
SINC	PyPI	sic
SINC	PyPI	signac
SingleCellExplorer	PyPI	singlecell
singleCellHaystack	Bioc	singleCellTK
SingleCellNet	Bioc	SingleCellExperiment
SingleCellNet	Bioc	singleCellTK
SingleCellSignatureExplorer	Bioc	SingleCellSignalR
SingleR	Bioc	signeR
singleseqgset	CRAN	SingleCaseES
SinQC	CRAN	SIN
Sinto	PyPI	into
Sinto	PyPI	shinto
Sinto	PyPI	sinfo
Sinto	PyPI	sinon
Sinto	PyPI	sinor
Sinto	PyPI	spintop
SIP	CRAN	ASIP
SIP	CRAN	RSIP
SIP	CRAN	SHIP
SIP	CRAN	SI
SIP	Conda	sip
SIP	PyPI	SIP
SIP	PyPI	SLIP
SIP	PyPI	Sip2
SIP	PyPI	Sipie
SIP	PyPI	csip
SIP	PyPI	ship
SIP	PyPI	si
SIP	PyPI	silp
SIP	PyPI	simp
SIP	PyPI	sip
SIP	PyPI	sipay
SIP	PyPI	sipi
SIP	PyPI	sips
SIP	PyPI	sipy
SIP	PyPI	skip
SIP	PyPI	snip
SIP	PyPI	tsip
sircel	PyPI	simrel
sircel	PyPI	sire
SISUA	PyPI	sis
SISUA	PyPI	sisa
slalom	CRAN	slam
slalom	PyPI	slalom
slalom	PyPI	slam
SLICE	CRAN	SLICER
SLICE	CRAN	SLIDE
SLICE	CRAN	dslice
SLICE	PyPI	slice
SLICER	Conda	slicerator
slingshot	PyPI	slingshot
SMNN	CRAN	snn
solo	PyPI	SoL
solo	PyPI	olo
solo	PyPI	soklog
solo	PyPI	solo
solo	PyPI	solomon
solo	PyPI	solon
solo	PyPI	solowPy
SOUP	CRAN	SOUP
SOUP	CRAN	SoupX
SOUP	PyPI	soup
souporcell	PyPI	source
SoupX	CRAN	SOUP
SPADE	CRAN	Pade
SPADE	CRAN	SpaDES
SPADE	CRAN	SpadeR
SPADE	CRAN	space
SPADE	CRAN	spate
SPADE	PyPI	SPADE
SPADE	PyPI	spade
SpaOTsc	PyPI	spats
SpaOTsc	PyPI	spots
SparseDC	Bioc	sparseDOSSA
SPARSim	CRAN	SPAr
SPARSim	CRAN	SparseLPM
SPARSim	CRAN	SparseM
SPARSim	CRAN	SparseMDC
SPARSim	CRAN	SparseMSE
SPARSim	CRAN	parSim
SPARSim	CRAN	sparseMVN
SPARSim	CRAN	sparseSEM
SPARSim	CRAN	sparseSVM
SPARSim	CRAN	sparseinv
SPARSim	CRAN	sparsio
Spectrum	PyPI	spectrum
Splatter	CRAN	plater
SPRING	PyPI	SpringRank
SPRING	PyPI	emspring
SPRING	PyPI	sparkling
SPRING	PyPI	spin
SPRING	PyPI	sping
SPRING	PyPI	sprang
SPRING	PyPI	sprig
SPRING	PyPI	spring
SPRING	PyPI	spring-aws
SPRING	PyPI	springboard
SPRING	PyPI	springer
SPRING	PyPI	springerdl
SPRING	PyPI	springfield
SPRING	PyPI	springheel
SPRING	PyPI	springleaf
SPRING	PyPI	springserve
SPRING	PyPI	springust
SPRING	PyPI	springy
SPRING	PyPI	sprint
sscClust	CRAN	scclust
SSrGE	PyPI	ssr
STAR	CRAN	STAR
STAR	PyPI	star
STEMNET	CRAN	SemNeT
STEMNET	CRAN	Stem
STREAM	CRAN	stream
STREAM	Conda	streamz
STREAM	PyPI	DStream
STREAM	PyPI	StoreM
STREAM	PyPI	StrEnum
STREAM	PyPI	Streamly
STREAM	PyPI	Streamy
STREAM	PyPI	StreetNames
STREAM	PyPI	agstream
STREAM	PyPI	dbstream
STREAM	PyPI	estream
STREAM	PyPI	gcstream
STREAM	PyPI	imstream
STREAM	PyPI	iostream
STREAM	PyPI	mlstream
STREAM	PyPI	mstream
STREAM	PyPI	nfstream
STREAM	PyPI	ngstream
STREAM	PyPI	pystream
STREAM	PyPI	stea
STREAM	PyPI	steam
STREAM	PyPI	steamy
STREAM	PyPI	stem
STREAM	PyPI	sterm
STREAM	PyPI	stra
STREAM	PyPI	stramp
STREAM	PyPI	streak
STREAM	PyPI	stream
STREAM	PyPI	stream-chat
STREAM	PyPI	stream-rpc
STREAM	PyPI	stream2msg
STREAM	PyPI	streamAPI
STREAM	PyPI	stream_tap
STREAM	PyPI	streambed
STREAM	PyPI	streambin
STREAM	PyPI	streamcat
STREAM	PyPI	streamdeck
STREAM	PyPI	streamdeckd
STREAM	PyPI	streamer
STREAM	PyPI	streamfig
STREAM	PyPI	streamflow
STREAM	PyPI	streaming
STREAM	PyPI	streamingds
STREAM	PyPI	streamio
STREAM	PyPI	streamline
STREAM	PyPI	streamlines
STREAM	PyPI	streamlink
STREAM	PyPI	streamlit
STREAM	PyPI	streamlocal
STREAM	PyPI	streamm
STREAM	PyPI	streamml2
STREAM	PyPI	streamp3
STREAM	PyPI	streamparse
STREAM	PyPI	streampie
STREAM	PyPI	streamplot
STREAM	PyPI	streampy
STREAM	PyPI	streamrpc
STREAM	PyPI	streams
STREAM	PyPI	streamsets
STREAM	PyPI	streamshift
STREAM	PyPI	streamsplit
STREAM	PyPI	streamsql
STREAM	PyPI	streamstats
STREAM	PyPI	streamsx
STREAM	PyPI	streamtest
STREAM	PyPI	streamtools
STREAM	PyPI	streamz
STREAM	PyPI	streem
STREAM	PyPI	xstream
STREAM	PyPI	zstream
switchde	CRAN	switchcase
switchde	CRAN	switchnpreg
switchde	CRAN	switchr
TCM	PyPI	tcm
TED	CRAN	TE
TED	CRAN	TED
TED	CRAN	teda
Tempora	CRAN	Temporal
Tempora	CRAN	tempR
Tempora	CRAN	tempoR
Tempora	Conda	tempora
TENET	PyPI	enet
TENET	PyPI	tedent
TENET	PyPI	telnet2
TENET	PyPI	ten
TENET	PyPI	tencent
TENET	PyPI	tenet
TENET	PyPI	teneto
TENET	PyPI	trendet
TENET	PyPI	xtelnet
TILPRED	CRAN	ipred
tn_test	PyPI	lt_test
tn_test	PyPI	nn_test
topslam	PyPI	TopSim
topslam	PyPI	topsbm
TraCeR	CRAN	tracer
TraCeR	PyPI	Trac
TraCeR	PyPI	TracBzr
TraCeR	PyPI	Trace
TraCeR	PyPI	Tracker-HSV
TraCeR	PyPI	jtracker
TraCeR	PyPI	mtracer
TraCeR	PyPI	ntracer
TraCeR	PyPI	ptracer
TraCeR	PyPI	pytracer
TraCeR	PyPI	racer
TraCeR	PyPI	traVer
TraCeR	PyPI	traceb
TraCeR	PyPI	tracefront
TraCeR	PyPI	tracegrep
TraCeR	PyPI	tracenl
TraCeR	PyPI	tracepy
TraCeR	PyPI	tracer
TraCeR	PyPI	tracerex
TraCeR	PyPI	tracerlib
TraCeR	PyPI	tracermppt
TraCeR	PyPI	traceroute
TraCeR	PyPI	tracerr
TraCeR	PyPI	tracers
TraCeR	PyPI	tracery
TraCeR	PyPI	traces
TraCeR	PyPI	traceurl
TraCeR	PyPI	trachet
TraCeR	PyPI	track_error
TraCeR	PyPI	tracker
TraCeR	PyPI	tracker-ml
TraCeR	PyPI	tracker17
TraCeR	PyPI	trackerfw
TraCeR	PyPI	tracklater
TraCeR	PyPI	tracklr
TraCeR	PyPI	trackme
TraCeR	PyPI	trackmerge
TraCeR	PyPI	trackr
TraCeR	PyPI	trader
TraCeR	PyPI	trance
TraCeR	PyPI	transducer
TraCeR	PyPI	vtracker
tradeSeq	CRAN	trade
Trajan	CRAN	traj
Tree-SNE	PyPI	tree-sitter
Tree-SNE	PyPI	treenet
Tree-SNE	PyPI	trees
Tree-SNE	PyPI	treesel
trVAE	PyPI	trv
TSCAN	CRAN	scan
TSCAN	CRAN	tsc
txburst	PyPI	burst
UNCURL	PyPI	uncurl
UnionCom	PyPI	union
UniPath	CRAN	uniah
VarTrix	PyPI	vartrix
VASC	PyPI	VaspCZ
VASC	PyPI	asc
VASC	PyPI	vac
VASC	PyPI	vas
VIPER	Bioc	viper
VIPER	CRAN	vip
VIPER	CRAN	vipor
VIPER	PyPI	Viper
Vireo	PyPI	vicero
Vireo	PyPI	vire
Vireo	PyPI	viren
Vireo	PyPI	vireo
Vireo	PyPI	virgo
Vireo	PyPI	viron
VISION	PyPI	vision
visnormsc	PyPI	vinorm
VPAC	PyPI	pac
VPAC	PyPI	vac
WaveCrest	CRAN	wavelets
WaveCrest	CRAN	waver
Wishbone	PyPI	wishbone
Wx	PyPI	wx
Wx	PyPI	wxx
ZIFA	PyPI	ifa
